year,round,date,time,location,region,hteam,ateam,hscore,ascore,match_id
2017,1,02/03/2017,20:05,Woolooware,NSW,Sharks,Broncos,18,26,201701CROBRI
2017,1,03/03/2017,18:00,Belmore,NSW,Bulldogs,Storm,6,12,201701CNBMEL
2017,1,03/03/2017,20:05,Homebush,NSW,Rabbitohs,Wests Tigers,18,34,201701SOUWST
2017,1,04/03/2017,16:30,Kogarah,NSW,Dragons,Panthers,42,10,201701SGIPEN
2017,1,04/03/2017,19:00,Kirwan,QLD,Cowboys,Raiders,20,16,201701NQLCBR
2017,1,04/03/2017,21:00,Robina,QLD,Titans,Roosters,18,32,201701GLDSYD
2017,1,05/03/2017,14:00,Penrose,NZ,Warriors,Knights,26,22,201701AKLNEW
2017,1,05/03/2017,16:00,Brookvale,NSW,Sea Eagles,Eels,12,20,201701MNLPAR
2017,2,09/03/2017,20:05,Moore Park,NSW,Roosters,Bulldogs,28,24,201702SYDCNB
2017,2,10/03/2017,18:00,Penrose,NZ,Warriors,Storm,10,26,201702AKLMEL
2017,2,10/03/2017,20:05,Milton,QLD,Broncos,Cowboys,20,21,201702BRINQL
2017,2,11/03/2017,15:00,Newcastle,NSW,Knights,Titans,34,26,201702NEWGLD
2017,2,11/03/2017,17:30,Brookvale,NSW,Sea Eagles,Rabbitohs,18,38,201702MNLSOU
2017,2,11/03/2017,19:30,Bruce,ACT,Raiders,Sharks,16,42,201702CBRCRO
2017,2,12/03/2017,16:00,Leumeah,NSW,Wests Tigers,Panthers,2,36,201702WSTPEN
2017,2,12/03/2017,18:30,Wollongong,NSW,Dragons,Eels,16,34,201702SGIPAR
2017,3,16/03/2017,20:05,Melbourne,VIC,Storm,Broncos,14,12,201703MELBRI
2017,3,17/03/2017,18:00,Dunedin,NZ,Bulldogs,Warriors,24,12,201703CNBAKL
2017,3,17/03/2017,20:05,Robina,QLD,Titans,Eels,26,14,201703GLDPAR
2017,3,18/03/2017,16:30,Newcastle,NSW,Knights,Rabbitohs,18,24,201703NEWSOU
2017,3,18/03/2017,19:00,Penrith,NSW,Panthers,Roosters,12,14,201703PENSYD
2017,3,18/03/2017,21:00,Kirwan,QLD,Cowboys,Sea Eagles,8,30,201703NQLMNL
2017,3,19/03/2017,16:00,Bruce,ACT,Raiders,Wests Tigers,46,6,201703CBRWST
2017,3,19/03/2017,18:30,Woolooware,NSW,Sharks,Dragons,10,16,201703CROSGI
2017,4,23/03/2017,20:05,Homebush,NSW,Rabbitohs,Roosters,6,20,201704SOUSYD
2017,4,24/03/2017,18:00,Penrith,NSW,Panthers,Knights,40,0,201704PENNEW
2017,4,24/03/2017,20:05,Milton,QLD,Broncos,Raiders,13,12,201704BRICBR
2017,4,25/03/2017,16:30,Brookvale,NSW,Sea Eagles,Bulldogs,36,0,201704MNLCNB
2017,4,25/03/2017,19:00,Homebush,NSW,Eels,Sharks,6,20,201704PARCRO
2017,4,25/03/2017,21:00,Robina,QLD,Titans,Cowboys,26,32,201704GLDNQL
2017,4,26/03/2017,16:00,Lilyfield,NSW,Wests Tigers,Storm,14,22,201704WSTMEL
2017,4,26/03/2017,18:30,Kogarah,NSW,Dragons,Warriors,26,12,201704SGIAKL
2017,5,30/03/2017,20:05,Homebush,NSW,Bulldogs,Broncos,10,7,201705CNBBRI
2017,5,31/03/2017,18:00,Moore Park,NSW,Roosters,Sea Eagles,12,18,201705SYDMNL
2017,5,31/03/2017,20:05,Kirwan,QLD,Cowboys,Rabbitohs,20,6,201705NQLSOU
2017,5,01/04/2017,15:00,Woolooware,NSW,Sharks,Knights,19,18,201705CRONEW
2017,5,01/04/2017,17:30,Bruce,ACT,Raiders,Eels,30,18,201705CBRPAR
2017,5,01/04/2017,19:30,Melbourne,VIC,Storm,Panthers,28,6,201705MELPEN
2017,5,02/04/2017,14:00,Penrose,NZ,Warriors,Titans,28,22,201705AKLGLD
2017,5,02/04/2017,16:00,Homebush,NSW,Wests Tigers,Dragons,6,28,201705WSTSGI
2017,6,06/04/2017,19:50,Milton,QLD,Broncos,Roosters,32,8,201706BRISYD
2017,6,07/04/2017,18:00,Newcastle,NSW,Knights,Bulldogs,12,22,201706NEWCNB
2017,6,07/04/2017,19:50,Penrith,NSW,Panthers,Rabbitohs,20,21,201706PENSOU
2017,6,08/04/2017,15:00,Brookvale,NSW,Sea Eagles,Dragons,10,35,201706MNLSGI
2017,6,08/04/2017,17:30,Robina,QLD,Titans,Raiders,16,42,201706GLDCBR
2017,6,08/04/2017,19:30,Kirwan,QLD,Cowboys,Wests Tigers,16,26,201706NQLWST
2017,6,09/04/2017,14:00,Penrose,NZ,Warriors,Eels,22,10,201706AKLPAR
2017,6,09/04/2017,16:00,Melbourne,VIC,Storm,Sharks,2,11,201706MELCRO
2017,7,14/04/2017,16:00,Homebush,NSW,Bulldogs,Rabbitohs,24,9,201707CNBSOU
2017,7,14/04/2017,18:00,Newcastle,NSW,Knights,Roosters,6,24,201707NEWSYD
2017,7,14/04/2017,19:50,Milton,QLD,Broncos,Titans,24,22,201707BRIGLD
2017,7,15/04/2017,15:00,Brookvale,NSW,Sea Eagles,Storm,26,30,201707MNLMEL
2017,7,15/04/2017,17:30,Bruce,ACT,Raiders,Warriors,20,8,201707CBRAKL
2017,7,15/04/2017,19:30,Wollongong,NSW,Dragons,Cowboys,28,22,201707SGINQL
2017,7,16/04/2017,16:00,Penrith,NSW,Panthers,Sharks,2,28,201707PENCRO
2017,7,17/04/2017,16:00,Homebush,NSW,Eels,Wests Tigers,26,22,201707PARWST
2017,8,21/04/2017,18:00,Bruce,ACT,Raiders,Sea Eagles,18,20,201708CBRMNL
2017,8,21/04/2017,19:50,Homebush,NSW,Rabbitohs,Broncos,24,25,201708SOUBRI
2017,8,22/04/2017,15:00,Homebush,NSW,Eels,Panthers,18,12,201708PARPEN
2017,8,22/04/2017,17:30,Kirwan,QLD,Cowboys,Knights,24,12,201708NQLNEW
2017,8,22/04/2017,19:30,Woolooware,NSW,Sharks,Titans,12,16,201708CROGLD
2017,8,23/04/2017,16:00,Homebush,NSW,Wests Tigers,Bulldogs,18,12,201708WSTCNB
2017,8,25/04/2017,16:00,Moore Park,NSW,Roosters,Dragons,13,12,201708SYDSGI
2017,8,25/04/2017,19:00,Melbourne,VIC,Storm,Warriors,20,14,201708MELAKL
2017,9,27/04/2017,19:50,Milton,QLD,Broncos,Panthers,32,18,201709BRIPEN
2017,9,28/04/2017,18:00,Moore Park,NSW,Rabbitohs,Sea Eagles,8,46,201709SOUMNL
2017,9,28/04/2017,19:50,Kirwan,QLD,Cowboys,Eels,6,26,201709NQLPAR
2017,9,29/04/2017,15:00,Robina,QLD,Titans,Knights,38,8,201709GLDNEW
2017,9,29/04/2017,17:30,Homebush,NSW,Bulldogs,Raiders,16,10,201709CNBCBR
2017,9,29/04/2017,19:30,Lilyfield,NSW,Wests Tigers,Sharks,16,22,201709WSTCRO
2017,9,30/04/2017,14:00,Penrose,NZ,Warriors,Roosters,14,13,201709AKLSYD
2017,9,30/04/2017,16:00,Wollongong,NSW,Dragons,Storm,22,34,201709SGIMEL
2017,10,11/05/2017,19:50,Homebush,NSW,Bulldogs,Cowboys,14,30,201710CNBNQL
2017,10,12/05/2017,18:00,Kogarah,NSW,Dragons,Sharks,14,18,201710SGICRO
2017,10,12/05/2017,19:50,Homebush,NSW,Wests Tigers,Rabbitohs,8,28,201710WSTSOU
2017,10,13/05/2017,15:00,Penrith,NSW,Panthers,Warriors,36,28,201710PENAKL
2017,10,13/05/2017,17:30,Milton,QLD,Storm,Titans,36,38,201710MELGLD
2017,10,13/05/2017,19:50,Milton,QLD,Sea Eagles,Broncos,14,24,201710MNLBRI
2017,10,14/05/2017,14:00,Newcastle,NSW,Knights,Raiders,34,20,201710NEWCBR
2017,10,14/05/2017,16:00,Moore Park,NSW,Roosters,Eels,48,10,201710SYDPAR
2017,11,18/05/2017,19:50,Woolooware,NSW,Sharks,Cowboys,18,14,201711CRONQL
2017,11,19/05/2017,18:00,Hamilton,NZ,Warriors,Dragons,14,30,201711AKLSGI
2017,11,19/05/2017,19:50,Milton,QLD,Broncos,Wests Tigers,36,0,201711BRIWST
2017,11,20/05/2017,17:30,Robina,QLD,Titans,Sea Eagles,10,30,201711GLDMNL
2017,11,20/05/2017,19:30,Homebush,NSW,Eels,Raiders,16,22,201711PARCBR
2017,11,21/05/2017,14:00,Newcastle,NSW,Knights,Panthers,20,30,201711NEWPEN
2017,11,21/05/2017,16:00,Homebush,NSW,Bulldogs,Roosters,18,24,201711CNBSYD
2017,11,21/05/2017,18:30,Perth,WA,Rabbitohs,Storm,6,14,201711SOUMEL
2017,12,26/05/2017,19:50,Homebush,NSW,Rabbitohs,Eels,16,22,201712SOUPAR
2017,12,27/05/2017,17:30,Penrose,NZ,Warriors,Broncos,28,10,201712AKLBRI
2017,12,27/05/2017,19:30,Woolooware,NSW,Sharks,Bulldogs,9,8,201712CROCNB
2017,12,28/05/2017,16:00,Bruce,ACT,Raiders,Roosters,24,16,201712CBRSYD
2017,13,02/06/2017,18:00,Melbourne,VIC,Storm,Knights,40,12,201713MELNEW
2017,13,02/06/2017,19:50,Homebush,NSW,Eels,Warriors,32,24,201713PARAKL
2017,13,03/06/2017,15:00,Homebush,NSW,Dragons,Wests Tigers,16,12,201713SGIWST
2017,13,03/06/2017,17:30,Moore Park,NSW,Roosters,Broncos,18,16,201713SYDBRI
2017,13,03/06/2017,19:30,Kirwan,QLD,Cowboys,Titans,20,8,201713NQLGLD
2017,13,04/06/2017,14:00,Brookvale,NSW,Sea Eagles,Raiders,21,20,201713MNLCBR
2017,13,04/06/2017,16:00,Homebush,NSW,Bulldogs,Panthers,0,38,201713CNBPEN
2017,14,08/06/2017,19:50,Woolooware,NSW,Sharks,Storm,13,18,201714CROMEL
2017,14,09/06/2017,18:00,Brookvale,NSW,Sea Eagles,Knights,18,14,201714MNLNEW
2017,14,09/06/2017,19:50,Milton,QLD,Broncos,Rabbitohs,24,18,201714BRISOU
2017,14,10/06/2017,15:00,Robina,QLD,Titans,Warriors,12,34,201714GLDAKL
2017,14,10/06/2017,17:30,Bathurst,NSW,Panthers,Raiders,24,20,201714PENCBR
2017,14,10/06/2017,19:30,Marrara,NT,Eels,Cowboys,6,32,201714PARNQL
2017,14,11/06/2017,16:00,Leumeah,NSW,Wests Tigers,Roosters,18,40,201714WSTSYD
2017,14,12/06/2017,16:00,Homebush,NSW,Bulldogs,Dragons,16,2,201714CNBSGI
2017,15,16/06/2017,19:50,Homebush,NSW,Rabbitohs,Titans,36,20,201715SOUGLD
2017,15,17/06/2017,17:30,Melbourne,VIC,Storm,Cowboys,23,22,201715MELNQL
2017,15,17/06/2017,19:30,Woolooware,NSW,Sharks,Wests Tigers,24,22,201715CROWST
2017,15,18/06/2017,16:00,Homebush,NSW,Eels,Dragons,24,10,201715PARSGI
2017,16,23/06/2017,18:00,Penrose,NZ,Warriors,Bulldogs,21,14,201716AKLCNB
2017,16,23/06/2017,19:50,Leumeah,NSW,Wests Tigers,Titans,14,26,201716WSTGLD
2017,16,24/06/2017,15:00,Kirwan,QLD,Cowboys,Panthers,14,12,201716NQLPEN
2017,16,24/06/2017,17:30,Bruce,ACT,Raiders,Broncos,20,30,201716CBRBRI
2017,16,24/06/2017,19:30,Adelaide,SA,Roosters,Storm,25,24,201716SYDMEL
2017,16,25/06/2017,14:00,Kogarah,NSW,Dragons,Knights,32,28,201716SGINEW
2017,16,25/06/2017,16:00,Woolooware,NSW,Sharks,Sea Eagles,18,35,201716CROMNL
2017,17,29/06/2017,19:50,Homebush,NSW,Eels,Bulldogs,13,12,201717PARCNB
2017,17,30/06/2017,18:00,Robina,QLD,Titans,Dragons,20,10,201717GLDSGI
2017,17,30/06/2017,19:50,Milton,QLD,Broncos,Storm,12,42,201717BRIMEL
2017,17,01/07/2017,15:00,Gosford,NSW,Roosters,Sharks,12,44,201717SYDCRO
2017,17,01/07/2017,17:30,Perth,WA,Sea Eagles,Warriors,26,22,201717MNLAKL
2017,17,01/07/2017,19:30,Bruce,ACT,Raiders,Cowboys,18,31,201717CBRNQL
2017,17,02/07/2017,14:00,Newcastle,NSW,Knights,Wests Tigers,12,33,201717NEWWST
2017,17,02/07/2017,16:00,Homebush,NSW,Rabbitohs,Panthers,42,14,201717SOUPEN
2017,18,07/07/2017,19:50,Moore Park,NSW,Roosters,Rabbitohs,14,12,201718SYDSOU
2017,18,08/07/2017,17:30,Penrith,NSW,Panthers,Sea Eagles,16,8,201718PENMNL
2017,18,08/07/2017,19:30,Melbourne,VIC,Storm,Eels,6,22,201718MELPAR
2017,18,09/07/2017,16:00,Belmore,NSW,Bulldogs,Knights,20,18,201718CNBNEW
2017,19,14/07/2017,18:00,Penrose,NZ,Warriors,Panthers,22,34,201719AKLPEN
2017,19,14/07/2017,19:50,Bruce,ACT,Raiders,Dragons,18,14,201719CBRSGI
2017,19,15/07/2017,17:30,Newcastle,NSW,Knights,Broncos,22,34,201719NEWBRI
2017,19,15/07/2017,19:30,Robina,QLD,Titans,Sharks,30,10,201719GLDCRO
2017,19,16/07/2017,14:00,Brookvale,NSW,Sea Eagles,Wests Tigers,28,16,201719MNLWST
2017,19,16/07/2017,16:00,Cairns,QLD,Rabbitohs,Cowboys,10,23,201719SOUNQL
2017,20,20/07/2017,19:50,Milton,QLD,Broncos,Bulldogs,42,12,201720BRICNB
2017,20,21/07/2017,18:00,Moore Park,NSW,Roosters,Knights,28,4,201720SYDNEW
2017,20,21/07/2017,19:50,Woolooware,NSW,Sharks,Rabbitohs,26,12,201720CROSOU
2017,20,22/07/2017,15:00,Penrith,NSW,Panthers,Titans,24,16,201720PENGLD
2017,20,22/07/2017,17:30,Bruce,ACT,Raiders,Storm,14,20,201720CBRMEL
2017,20,22/07/2017,19:30,Kirwan,QLD,Cowboys,Warriors,24,12,201720NQLAKL
2017,20,23/07/2017,14:00,Wollongong,NSW,Dragons,Sea Eagles,52,22,201720SGIMNL
2017,20,23/07/2017,16:00,Homebush,NSW,Wests Tigers,Eels,16,17,201720WSTPAR
2017,21,27/07/2017,19:50,Penrith,NSW,Panthers,Bulldogs,16,8,201721PENCNB
2017,21,28/07/2017,18:00,Penrose,NZ,Warriors,Sharks,12,26,201721AKLCRO
2017,21,28/07/2017,19:50,Homebush,NSW,Eels,Broncos,28,14,201721PARBRI
2017,21,29/07/2017,15:00,Newcastle,NSW,Knights,Dragons,21,14,201721NEWSGI
2017,21,29/07/2017,17:30,Homebush,NSW,Rabbitohs,Raiders,18,32,201721SOUCBR
2017,21,29/07/2017,19:30,Moore Park,NSW,Roosters,Cowboys,22,16,201721SYDNQL
2017,21,30/07/2017,14:00,Melbourne,VIC,Storm,Sea Eagles,40,6,201721MELMNL
2017,21,30/07/2017,16:00,Robina,QLD,Titans,Wests Tigers,4,26,201721GLDWST
2017,22,03/08/2017,19:50,Homebush,NSW,Bulldogs,Eels,4,20,201722CNBPAR
2017,22,04/08/2017,18:00,Moore Park,NSW,Dragons,Rabbitohs,24,26,201722SGISOU
2017,22,04/08/2017,19:50,Kirwan,QLD,Cowboys,Storm,8,26,201722NQLMEL
2017,22,05/08/2017,15:00,Newcastle,NSW,Knights,Warriors,26,10,201722NEWAKL
2017,22,05/08/2017,17:30,Robina,QLD,Titans,Broncos,0,54,201722GLDBRI
2017,22,05/08/2017,19:30,Woolooware,NSW,Sharks,Raiders,12,30,201722CROCBR
2017,22,06/08/2017,14:00,Brookvale,NSW,Sea Eagles,Roosters,36,18,201722MNLSYD
2017,22,06/08/2017,16:00,Penrith,NSW,Panthers,Wests Tigers,28,14,201722PENWST
2017,23,10/08/2017,19:50,Homebush,NSW,Rabbitohs,Bulldogs,28,14,201723SOUCNB
2017,23,11/08/2017,18:00,Homebush,NSW,Eels,Knights,10,29,201723PARNEW
2017,23,11/08/2017,19:50,Milton,QLD,Broncos,Sharks,32,10,201723BRICRO
2017,23,12/08/2017,15:00,Kogarah,NSW,Dragons,Titans,42,16,201723SGIGLD
2017,23,12/08/2017,17:30,Melbourne,VIC,Storm,Roosters,16,13,201723MELSYD
2017,23,12/08/2017,19:30,Penrith,NSW,Panthers,Cowboys,24,16,201723PENNQL
2017,23,13/08/2017,14:00,Penrose,NZ,Warriors,Raiders,16,36,201723AKLCBR
2017,23,13/08/2017,16:00,Lilyfield,NSW,Wests Tigers,Sea Eagles,30,26,201723WSTMNL
2017,24,17/08/2017,19:50,Homebush,NSW,Eels,Titans,30,8,201724PARGLD
2017,24,18/08/2017,18:00,Homebush,NSW,Rabbitohs,Warriors,36,18,201724SOUAKL
2017,24,18/08/2017,19:50,Milton,QLD,Broncos,Dragons,24,12,201724BRISGI
2017,24,19/08/2017,15:00,Newcastle,NSW,Knights,Storm,12,44,201724NEWMEL
2017,24,19/08/2017,17:30,Moore Park,NSW,Roosters,Wests Tigers,22,18,201724SYDWST
2017,24,19/08/2017,19:30,Kirwan,QLD,Cowboys,Sharks,16,26,201724NQLCRO
2017,24,20/08/2017,14:00,Bruce,ACT,Raiders,Panthers,22,26,201724CBRPEN
2017,24,20/08/2017,16:00,Homebush,NSW,Bulldogs,Sea Eagles,30,16,201724CNBMNL
2017,25,24/08/2017,19:50,Milton,QLD,Broncos,Eels,34,52,201725BRIPAR
2017,25,25/08/2017,18:00,Bruce,ACT,Raiders,Knights,46,28,201725CBRNEW
2017,25,25/08/2017,19:50,Leumeah,NSW,Wests Tigers,Cowboys,14,22,201725WSTNQL
2017,25,26/08/2017,15:00,Robina,QLD,Titans,Bulldogs,14,26,201725GLDCNB
2017,25,26/08/2017,17:30,Melbourne,VIC,Storm,Rabbitohs,64,6,201725MELSOU
2017,25,26/08/2017,19:30,Woolooware,NSW,Sharks,Roosters,14,16,201725CROSYD
2017,25,27/08/2017,14:00,Penrose,NZ,Warriors,Sea Eagles,21,22,201725AKLMNL
2017,25,27/08/2017,16:00,Penrith,NSW,Panthers,Dragons,14,16,201725PENSGI
2017,26,31/08/2017,19:50,Kirwan,QLD,Cowboys,Broncos,10,20,201726NQLBRI
2017,26,01/09/2017,19:50,Homebush,NSW,Eels,Rabbitohs,22,16,201726PARSOU
2017,26,02/09/2017,15:00,Moore Park,NSW,Roosters,Titans,20,16,201726SYDGLD
2017,26,02/09/2017,17:30,Brookvale,NSW,Sea Eagles,Panthers,28,12,201726MNLPEN
2017,26,02/09/2017,19:30,Melbourne,VIC,Storm,Raiders,32,6,201726MELCBR
2017,26,03/09/2017,14:00,Newcastle,NSW,Knights,Sharks,18,26,201726NEWCRO
2017,26,03/09/2017,16:00,Homebush,NSW,Dragons,Bulldogs,20,26,201726SGICNB
2017,26,03/09/2017,18:30,Lilyfield,NSW,Wests Tigers,Warriors,28,16,201726WSTAKL
2017,F1,08/09/2017,19:55,Moore Park,NSW,Roosters,Broncos,24,22,2017F1SYDBRI
2017,F1,09/09/2017,16:10,Melbourne,VIC,Storm,Eels,18,16,2017F1MELPAR
2017,F1,09/09/2017,19:40,Moore Park,NSW,Sea Eagles,Panthers,10,22,2017F1MNLPEN
2017,F1,10/09/2017,16:10,Moore Park,NSW,Sharks,Cowboys,14,15,2017F1CRONQL
2017,F2,15/09/2017,20:15,Milton,QLD,Broncos,Panthers,13,6,2017F2BRIPEN
2017,F2,16/09/2017,19:45,Homebush,NSW,Eels,Cowboys,16,24,2017F2PARNQL
2017,F3,22/09/2017,20:15,Melbourne,VIC,Storm,Broncos,30,0,2017F3MELBRI
2017,F3,23/09/2017,19:45,Moore Park,NSW,Roosters,Cowboys,16,29,2017F3SYDNQL
2017,GF,01/10/2017,19:30,Homebush,NSW,Storm,Cowboys,34,6,2017GFMELNQL
2018,1,08/03/2018,20:05,Kogarah,NSW,Dragons,Broncos,34,12,201801SGIBRI
2018,1,09/03/2018,18:00,Newcastle,NSW,Knights,Sea Eagles,19,18,201801NEWMNL
2018,1,09/03/2018,20:05,Kirwan,QLD,Cowboys,Sharks,20,14,201801NQLCRO
2018,1,10/03/2018,16:30,Homebush,NSW,Wests Tigers,Roosters,10,8,201801WSTSYD
2018,1,10/03/2018,19:00,Burswood,WA,Rabbitohs,Warriors,20,32,201801SOUAKL
2018,1,10/03/2018,21:05,Burswood,WA,Bulldogs,Storm,18,36,201801CNBMEL
2018,1,11/03/2018,16:10,Penrith,NSW,Panthers,Eels,24,14,201801PENPAR
2018,1,11/03/2018,18:30,Robina,QLD,Titans,Raiders,30,28,201801GLDCBR
2018,2,15/03/2018,20:05,Woolooware,NSW,Sharks,Dragons,16,20,201802CROSGI
2018,2,16/03/2018,18:00,Moore Park,NSW,Roosters,Bulldogs,30,12,201802SYDCNB
2018,2,16/03/2018,20:05,Milton,QLD,Broncos,Cowboys,24,20,201802BRINQL
2018,2,17/03/2018,15:05,Penrose,NZ,Warriors,Titans,20,8,201802AKLGLD
2018,2,17/03/2018,17:30,Penrith,NSW,Panthers,Rabbitohs,18,14,201802PENSOU
2018,2,17/03/2018,19:35,Melbourne,VIC,Storm,Wests Tigers,8,10,201802MELWST
2018,2,18/03/2018,16:10,Brookvale,NSW,Sea Eagles,Eels,54,0,201802MNLPAR
2018,2,18/03/2018,18:30,Bruce,ACT,Raiders,Knights,28,30,201802CBRNEW
2018,3,22/03/2018,20:05,Melbourne,VIC,Storm,Cowboys,30,14,201803MELNQL
2018,3,23/03/2018,18:00,Homebush,NSW,Bulldogs,Panthers,20,18,201803CNBPEN
2018,3,23/03/2018,20:05,Leumeah,NSW,Wests Tigers,Broncos,7,9,201803WSTBRI
2018,3,24/03/2018,15:00,Bruce,ACT,Raiders,Warriors,19,20,201803CBRAKL
2018,3,24/03/2018,17:30,Homebush,NSW,Rabbitohs,Sea Eagles,34,6,201803SOUMNL
2018,3,24/03/2018,19:30,Homebush,NSW,Eels,Sharks,4,14,201803PARCRO
2018,3,25/03/2018,16:10,Toowoomba,QLD,Titans,Dragons,8,54,201803GLDSGI
2018,3,25/03/2018,18:30,Moore Park,NSW,Roosters,Knights,38,8,201803SYDNEW
2018,4,29/03/2018,20:05,Kirwan,QLD,Cowboys,Panthers,14,33,201804NQLPEN
2018,4,30/03/2018,16:10,Homebush,NSW,Rabbitohs,Bulldogs,20,16,201804SOUCNB
2018,4,30/03/2018,20:05,Woolooware,NSW,Sharks,Storm,14,4,201804CROMEL
2018,4,31/03/2018,17:30,Moore Park,NSW,Roosters,Warriors,6,30,201804SYDAKL
2018,4,31/03/2018,19:30,Brookvale,NSW,Sea Eagles,Raiders,32,16,201804MNLCBR
2018,4,01/04/2018,16:10,Wollongong,NSW,Dragons,Knights,30,12,201804SGINEW
2018,4,01/04/2018,18:30,Milton,QLD,Broncos,Titans,14,26,201804BRIGLD
2018,4,02/04/2018,16:00,Homebush,NSW,Wests Tigers,Eels,30,20,201804WSTPAR
2018,5,05/04/2018,19:50,Bruce,ACT,Raiders,Bulldogs,26,10,201805CBRCNB
2018,5,06/04/2018,18:00,Woolooware,NSW,Sharks,Roosters,10,28,201805CROSYD
2018,5,06/04/2018,19:50,Kogarah,NSW,Dragons,Rabbitohs,16,12,201805SGISOU
2018,5,07/04/2018,15:00,Penrose,NZ,Wests Tigers,Storm,11,10,201805WSTMEL
2018,5,07/04/2018,17:30,Penrose,NZ,Warriors,Cowboys,22,12,201805AKLNQL
2018,5,07/04/2018,19:35,Newcastle,NSW,Knights,Broncos,15,10,201805NEWBRI
2018,5,08/04/2018,14:00,Gladstone,QLD,Titans,Sea Eagles,32,20,201805GLDMNL
2018,5,08/04/2018,16:10,Homebush,NSW,Eels,Panthers,6,12,201805PARPEN
2018,6,12/04/2018,19:50,Moore Park,NSW,Roosters,Rabbitohs,14,26,201806SYDSOU
2018,6,13/04/2018,18:00,Melbourne,VIC,Storm,Knights,40,14,201806MELNEW
2018,6,13/04/2018,19:55,Wollongong,NSW,Dragons,Sharks,40,20,201806SGICRO
2018,6,14/04/2018,15:00,Penrose,NZ,Warriors,Broncos,18,27,201806AKLBRI
2018,6,14/04/2018,17:30,Kirwan,QLD,Cowboys,Bulldogs,10,27,201806NQLCNB
2018,6,14/04/2018,19:35,Bruce,ACT,Raiders,Eels,18,2,201806CBRPAR
2018,6,15/04/2018,14:00,Penrith,NSW,Panthers,Titans,35,12,201806PENGLD
2018,6,15/04/2018,16:10,Brookvale,NSW,Sea Eagles,Wests Tigers,12,38,201806MNLWST
2018,7,19/04/2018,19:50,Homebush,NSW,Bulldogs,Roosters,0,6,201807CNBSYD
2018,7,20/04/2018,18:00,Penrose,NZ,Warriors,Dragons,20,12,201807AKLSGI
2018,7,20/04/2018,19:55,Milton,QLD,Broncos,Storm,20,34,201807BRIMEL
2018,7,21/04/2018,15:00,Gosford,NSW,Rabbitohs,Raiders,42,18,201807SOUCBR
2018,7,21/04/2018,17:30,Tamworth,NSW,Wests Tigers,Knights,20,22,201807WSTNEW
2018,7,21/04/2018,19:35,Kirwan,QLD,Cowboys,Titans,26,14,201807NQLGLD
2018,7,22/04/2018,14:00,Homebush,NSW,Eels,Sea Eagles,44,10,201807PARMNL
2018,7,22/04/2018,16:10,Woolooware,NSW,Sharks,Panthers,26,22,201807CROPEN
2018,8,25/04/2018,16:10,Moore Park,NSW,Dragons,Roosters,24,8,201808SGISYD
2018,8,25/04/2018,19:00,Melbourne,VIC,Storm,Warriors,50,10,201808MELAKL
2018,8,26/04/2018,19:50,Homebush,NSW,Rabbitohs,Broncos,20,24,201808SOUBRI
2018,8,27/04/2018,18:00,Brookvale,NSW,Sea Eagles,Knights,12,18,201808MNLNEW
2018,8,27/04/2018,19:55,Penrith,NSW,Panthers,Bulldogs,22,14,201808PENCNB
2018,8,28/04/2018,17:30,Robina,QLD,Titans,Sharks,9,10,201808GLDCRO
2018,8,28/04/2018,19:35,Kirwan,QLD,Cowboys,Raiders,8,18,201808NQLCBR
2018,8,29/04/2018,16:10,Homebush,NSW,Eels,Wests Tigers,24,22,201808PARWST
2018,9,03/05/2018,19:50,Milton,QLD,Broncos,Bulldogs,22,20,201809BRICNB
2018,9,04/05/2018,18:00,Newcastle,NSW,Knights,Rabbitohs,18,36,201809NEWSOU
2018,9,04/05/2018,19:55,Bathurst,NSW,Panthers,Cowboys,20,26,201809PENNQL
2018,9,05/05/2018,15:00,Bruce,ACT,Raiders,Titans,32,18,201809CBRGLD
2018,9,05/05/2018,17:30,Penrose,NZ,Warriors,Wests Tigers,26,4,201809AKLWST
2018,9,05/05/2018,19:35,Woolooware,NSW,Sharks,Eels,22,20,201809CROPAR
2018,9,06/05/2018,14:00,Kogarah,NSW,Dragons,Storm,34,14,201809SGIMEL
2018,9,06/05/2018,16:10,Moore Park,NSW,Roosters,Sea Eagles,22,20,201809SYDMNL
2018,10,10/05/2018,19:50,Lilyfield,NSW,Wests Tigers,Cowboys,20,12,201810WSTNQL
2018,10,11/05/2018,18:00,Newcastle,NSW,Knights,Panthers,18,29,201810NEWPEN
2018,10,11/05/2018,19:55,Homebush,NSW,Bulldogs,Eels,20,12,201810CNBPAR
2018,10,12/05/2018,15:00,Penrose,NZ,Warriors,Roosters,0,32,201810AKLSYD
2018,10,12/05/2018,17:30,Milton,QLD,Storm,Titans,28,14,201810MELGLD
2018,10,12/05/2018,19:35,Milton,QLD,Sea Eagles,Broncos,38,24,201810MNLBRI
2018,10,13/05/2018,14:00,Homebush,NSW,Rabbitohs,Dragons,24,10,201810SOUSGI
2018,10,13/05/2018,16:10,Bruce,ACT,Raiders,Sharks,16,24,201810CBRCRO
2018,11,17/05/2018,19:50,Penrith,NSW,Panthers,Wests Tigers,16,2,201811PENWST
2018,11,18/05/2018,18:00,Homebush,NSW,Eels,Warriors,14,24,201811PARAKL
2018,11,18/05/2018,19:55,Milton,QLD,Broncos,Roosters,28,22,201811BRISYD
2018,11,19/05/2018,15:00,Robina,QLD,Titans,Knights,33,26,201811GLDNEW
2018,11,19/05/2018,17:30,Kirwan,QLD,Cowboys,Rabbitohs,19,20,201811NQLSOU
2018,11,19/05/2018,19:35,Melbourne,VIC,Storm,Sea Eagles,4,24,201811MELMNL
2018,11,20/05/2018,14:00,Mudgee,NSW,Dragons,Raiders,25,18,201811SGICBR
2018,11,20/05/2018,16:10,Woolooware,NSW,Sharks,Bulldogs,22,16,201811CROCNB
2018,12,24/05/2018,19:50,Milton,QLD,Broncos,Eels,18,10,201812BRIPAR
2018,12,25/05/2018,18:00,Bruce,ACT,Raiders,Sea Eagles,21,20,201812CBRMNL
2018,12,25/05/2018,19:55,Kirwan,QLD,Cowboys,Storm,6,7,201812NQLMEL
2018,12,26/05/2018,15:00,Gosford,NSW,Roosters,Titans,34,14,201812SYDGLD
2018,12,26/05/2018,17:30,Penrose,NZ,Warriors,Rabbitohs,10,30,201812AKLSOU
2018,12,26/05/2018,19:35,Penrith,NSW,Panthers,Dragons,28,2,201812PENSGI
2018,12,27/05/2018,14:00,Newcastle,NSW,Knights,Sharks,10,48,201812NEWCRO
2018,12,27/05/2018,16:10,Homebush,NSW,Wests Tigers,Bulldogs,14,10,201812WSTCNB
2018,13,31/05/2018,19:50,Brookvale,NSW,Sea Eagles,Cowboys,12,26,201813MNLNQL
2018,13,01/06/2018,19:55,Homebush,NSW,Rabbitohs,Sharks,22,14,201813SOUCRO
2018,13,02/06/2018,19:35,Homebush,NSW,Eels,Knights,4,30,201813PARNEW
2018,13,03/06/2018,16:10,Moore Park,NSW,Roosters,Wests Tigers,16,14,201813SYDWST
2018,14,08/06/2018,18:00,Bruce,ACT,Raiders,Panthers,22,23,201814CBRPEN
2018,14,08/06/2018,19:55,Robina,QLD,Titans,Rabbitohs,16,18,201814GLDSOU
2018,14,09/06/2018,15:00,Addington,NZ,Sea Eagles,Warriors,14,34,201814MNLAKL
2018,14,09/06/2018,17:30,Newcastle,NSW,Knights,Roosters,16,18,201814NEWSYD
2018,14,09/06/2018,19:35,Marrara,NT,Eels,Cowboys,20,14,201814PARNQL
2018,14,10/06/2018,14:00,Woolooware,NSW,Sharks,Wests Tigers,24,16,201814CROWST
2018,14,10/06/2018,16:10,Melbourne,VIC,Storm,Broncos,32,16,201814MELBRI
2018,14,11/06/2018,16:00,Homebush,NSW,Bulldogs,Dragons,16,18,201814CNBSGI
2018,15,14/06/2018,19:50,Homebush,NSW,Eels,Rabbitohs,24,42,201815PARSOU
2018,15,15/06/2018,18:00,Kirwan,QLD,Cowboys,Warriors,16,23,201815NQLAKL
2018,15,15/06/2018,19:55,Moore Park,NSW,Roosters,Panthers,32,6,201815SYDPEN
2018,15,16/06/2018,15:00,Belmore,NSW,Bulldogs,Titans,10,32,201815CNBGLD
2018,15,16/06/2018,17:30,Wollongong,NSW,Dragons,Sea Eagles,32,8,201815SGIMNL
2018,15,16/06/2018,19:35,Woolooware,NSW,Sharks,Broncos,16,20,201815CROBRI
2018,15,17/06/2018,14:00,Newcastle,NSW,Knights,Storm,10,28,201815NEWMEL
2018,15,17/06/2018,16:10,Leumeah,NSW,Wests Tigers,Raiders,12,48,201815WSTCBR
2018,16,28/06/2018,19:50,Wollongong,NSW,Dragons,Eels,20,18,201816SGIPAR
2018,16,29/06/2018,18:00,Penrose,NZ,Warriors,Sharks,15,18,201816AKLCRO
2018,16,29/06/2018,19:55,Adelaide,SA,Roosters,Storm,8,9,201816SYDMEL
2018,16,30/06/2018,15:00,Penrith,NSW,Panthers,Sea Eagles,10,18,201816PENMNL
2018,16,30/06/2018,17:30,Newcastle,NSW,Knights,Bulldogs,16,36,201816NEWCNB
2018,16,30/06/2018,19:35,Milton,QLD,Broncos,Raiders,26,22,201816BRICBR
2018,16,01/07/2018,14:00,Lilyfield,NSW,Wests Tigers,Titans,12,30,201816WSTGLD
2018,16,01/07/2018,16:10,Cairns,QLD,Rabbitohs,Cowboys,21,20,201816SOUNQL
2018,17,05/07/2018,19:50,Melbourne,VIC,Storm,Dragons,52,30,201817MELSGI
2018,17,06/07/2018,19:55,Penrith,NSW,Panthers,Warriors,36,4,201817PENAKL
2018,17,07/07/2018,19:35,Belmore,NSW,Bulldogs,Raiders,28,32,201817CNBCBR
2018,17,08/07/2018,16:10,Robina,QLD,Titans,Broncos,0,34,201817GLDBRI
2018,18,13/07/2018,18:00,Penrith,NSW,Panthers,Sharks,12,24,201818PENCRO
2018,18,13/07/2018,19:55,Newcastle,NSW,Knights,Eels,18,16,201818NEWPAR
2018,18,14/07/2018,15:00,Homebush,NSW,Bulldogs,Rabbitohs,6,24,201818CNBSOU
2018,18,14/07/2018,17:30,Brookvale,NSW,Sea Eagles,Storm,13,14,201818MNLMEL
2018,18,14/07/2018,19:35,Bruce,ACT,Raiders,Cowboys,38,12,201818CBRNQL
2018,18,15/07/2018,14:00,Milton,QLD,Broncos,Warriors,6,26,201818BRIAKL
2018,18,15/07/2018,16:10,Kogarah,NSW,Dragons,Wests Tigers,16,20,201818SGIWST
2018,18,15/07/2018,18:30,Robina,QLD,Titans,Roosters,12,20,201818GLDSYD
2018,19,19/07/2018,19:50,Homebush,NSW,Eels,Bulldogs,14,8,201819PARCNB
2018,19,20/07/2018,18:00,Woolooware,NSW,Sharks,Raiders,28,24,201819CROCBR
2018,19,20/07/2018,19:55,Milton,QLD,Broncos,Panthers,50,18,201819BRIPEN
2018,19,21/07/2018,15:00,Newcastle,NSW,Knights,Titans,30,24,201819NEWGLD
2018,19,21/07/2018,17:30,Homebush,NSW,Wests Tigers,Rabbitohs,22,6,201819WSTSOU
2018,19,21/07/2018,19:35,Kirwan,QLD,Cowboys,Dragons,10,24,201819NQLSGI
2018,19,22/07/2018,14:00,Penrose,NZ,Warriors,Storm,6,12,201819AKLMEL
2018,19,22/07/2018,16:10,Brookvale,NSW,Sea Eagles,Roosters,24,56,201819MNLSYD
2018,20,26/07/2018,19:50,Milton,QLD,Broncos,Sharks,12,10,201820BRICRO
2018,20,27/07/2018,18:00,Kirwan,QLD,Cowboys,Knights,20,18,201820NQLNEW
2018,20,27/07/2018,19:55,Homebush,NSW,Bulldogs,Wests Tigers,16,4,201820CNBWST
2018,20,28/07/2018,15:00,Brookvale,NSW,Sea Eagles,Panthers,24,28,201820MNLPEN
2018,20,28/07/2018,17:30,Homebush,NSW,Rabbitohs,Eels,26,20,201820SOUPAR
2018,20,28/07/2018,19:35,Melbourne,VIC,Storm,Raiders,44,10,201820MELCBR
2018,20,29/07/2018,14:00,Robina,QLD,Titans,Warriors,36,12,201820GLDAKL
2018,20,29/07/2018,16:10,Moore Park,NSW,Roosters,Dragons,36,18,201820SYDSGI
2018,21,02/08/2018,19:50,Homebush,NSW,Bulldogs,Broncos,36,22,201821CNBBRI
2018,21,03/08/2018,18:00,Newcastle,NSW,Knights,Wests Tigers,16,25,201821NEWWST
2018,21,03/08/2018,19:55,Homebush,NSW,Rabbitohs,Storm,30,20,201821SOUMEL
2018,21,04/08/2018,15:00,Wollongong,NSW,Dragons,Warriors,12,18,201821SGIAKL
2018,21,04/08/2018,17:30,Homebush,NSW,Eels,Titans,28,12,201821PARGLD
2018,21,04/08/2018,19:35,Moore Park,NSW,Roosters,Cowboys,26,20,201821SYDNQL
2018,21,05/08/2018,14:00,Woolooware,NSW,Sharks,Sea Eagles,32,33,201821CROMNL
2018,21,05/08/2018,16:10,Penrith,NSW,Panthers,Raiders,40,31,201821PENCBR
2018,22,09/08/2018,19:50,Kirwan,QLD,Cowboys,Broncos,34,30,201822NQLBRI
2018,22,10/08/2018,18:00,Penrose,NZ,Warriors,Knights,20,4,201822AKLNEW
2018,22,10/08/2018,19:55,Homebush,NSW,Rabbitohs,Roosters,14,18,201822SOUSYD
2018,22,11/08/2018,15:00,Robina,QLD,Titans,Panthers,16,17,201822GLDPEN
2018,22,11/08/2018,17:30,Penrith,NSW,Sea Eagles,Bulldogs,18,6,201822MNLCNB
2018,22,11/08/2018,19:35,Homebush,NSW,Eels,Dragons,40,4,201822PARSGI
2018,22,12/08/2018,14:00,Bruce,ACT,Raiders,Wests Tigers,20,22,201822CBRWST
2018,22,12/08/2018,16:10,Melbourne,VIC,Storm,Sharks,14,17,201822MELCRO
2018,23,16/08/2018,19:50,Milton,QLD,Broncos,Rabbitohs,38,18,201823BRISOU
2018,23,17/08/2018,18:00,Brookvale,NSW,Sea Eagles,Titans,34,42,201823MNLGLD
2018,23,17/08/2018,19:55,Melbourne,VIC,Storm,Eels,20,4,201823MELPAR
2018,23,18/08/2018,15:00,Penrith,NSW,Panthers,Knights,12,20,201823PENNEW
2018,23,18/08/2018,17:30,Lilyfield,NSW,Wests Tigers,Dragons,10,20,201823WSTSGI
2018,23,18/08/2018,19:35,Woolooware,NSW,Sharks,Cowboys,28,16,201823CRONQL
2018,23,19/08/2018,14:00,Homebush,NSW,Bulldogs,Warriors,27,26,201823CNBAKL
2018,23,19/08/2018,16:10,Bruce,ACT,Raiders,Roosters,14,12,201823CBRSYD
2018,24,23/08/2018,19:50,Leumeah,NSW,Wests Tigers,Sea Eagles,22,20,201824WSTMNL
2018,24,24/08/2018,18:00,Penrose,NZ,Warriors,Panthers,36,16,201824AKLPEN
2018,24,24/08/2018,19:55,Kirwan,QLD,Cowboys,Eels,44,6,201824NQLPAR
2018,24,25/08/2018,15:00,Bruce,ACT,Raiders,Rabbitohs,24,12,201824CBRSOU
2018,24,25/08/2018,17:30,Robina,QLD,Titans,Storm,8,10,201824GLDMEL
2018,24,25/08/2018,19:35,Moore Park,NSW,Roosters,Broncos,8,22,201824SYDBRI
2018,24,26/08/2018,14:00,Woolooware,NSW,Sharks,Knights,38,12,201824CRONEW
2018,24,26/08/2018,16:10,Kogarah,NSW,Dragons,Bulldogs,0,38,201824SGICNB
2018,25,30/08/2018,19:50,Homebush,NSW,Rabbitohs,Wests Tigers,51,10,201825SOUWST
2018,25,31/08/2018,18:00,Penrose,NZ,Warriors,Raiders,20,16,201825AKLCBR
2018,25,31/08/2018,19:55,Melbourne,VIC,Storm,Panthers,16,22,201825MELPEN
2018,25,01/09/2018,15:00,Newcastle,NSW,Knights,Dragons,14,24,201825NEWSGI
2018,25,01/09/2018,17:30,Robina,QLD,Titans,Cowboys,26,30,201825GLDNQL
2018,25,01/09/2018,19:45,Homebush,NSW,Eels,Roosters,10,44,201825PARSYD
2018,25,02/09/2018,14:00,Homebush,NSW,Bulldogs,Sharks,18,30,201825CNBCRO
2018,25,02/09/2018,16:10,Milton,QLD,Broncos,Sea Eagles,48,16,201825BRIMNL
2018,F1,07/09/2018,19:40,Melbourne,VIC,Storm,Rabbitohs,29,28,2018F1MELSOU
2018,F1,08/09/2018,17:30,Homebush,NSW,Panthers,Warriors,27,12,2018F1PENAKL
2018,F1,08/09/2018,19:40,Moore Park,NSW,Roosters,Sharks,21,12,2018F1SYDCRO
2018,F1,09/09/2018,16:00,Milton,QLD,Broncos,Dragons,18,48,2018F1BRISGI
2018,F2,14/09/2018,19:40,Moore Park,NSW,Sharks,Panthers,21,20,2018F2CROPEN
2018,F2,15/09/2018,19:40,Homebush,NSW,Rabbitohs,Dragons,13,12,2018F2SOUSGI
2018,F3,21/09/2018,19:40,Melbourne,VIC,Storm,Sharks,22,6,2018F3MELCRO
2018,F3,22/09/2018,19:40,Moore Park,NSW,Roosters,Rabbitohs,12,4,2018F3SYDSOU
2018,GF,30/09/2018,19:20,Homebush,NSW,Storm,Roosters,6,21,2018GFMELSYD
2019,1,14/03/2019,19:50,Melbourne,VIC,Storm,Broncos,22,12,201901MELBRI
2019,1,15/03/2019,18:00,Newcastle,NSW,Knights,Sharks,14,8,201901NEWCRO
2019,1,15/03/2019,19:55,Moore Park,NSW,Roosters,Rabbitohs,16,26,201901SYDSOU
2019,1,16/03/2019,15:00,Penrose,NZ,Warriors,Bulldogs,40,6,201901AKLCNB
2019,1,16/03/2019,17:30,Lilyfield,NSW,Wests Tigers,Sea Eagles,20,6,201901WSTMNL
2019,1,16/03/2019,19:35,Kirwan,QLD,Cowboys,Dragons,24,12,201901NQLSGI
2019,1,17/03/2019,16:05,Penrith,NSW,Panthers,Eels,12,20,201901PENPAR
2019,1,17/03/2019,18:10,Robina,QLD,Titans,Raiders,0,21,201901GLDCBR
2019,2,21/03/2019,20:05,Kogarah,NSW,Dragons,Rabbitohs,18,34,201902SGISOU
2019,2,22/03/2019,18:00,Bruce,ACT,Raiders,Storm,10,22,201902CBRMEL
2019,2,22/03/2019,20:05,Milton,QLD,Broncos,Cowboys,29,10,201902BRINQL
2019,2,23/03/2019,15:00,Woolooware,NSW,Sharks,Titans,20,6,201902CROGLD
2019,2,23/03/2019,17:30,Newcastle,NSW,Knights,Panthers,14,16,201902NEWPEN
2019,2,23/03/2019,19:35,Brookvale,NSW,Sea Eagles,Roosters,18,26,201902MNLSYD
2019,2,24/03/2019,16:05,Homebush,NSW,Bulldogs,Eels,16,36,201902CNBPAR
2019,2,24/03/2019,18:10,Leumeah,NSW,Wests Tigers,Warriors,34,6,201902WSTAKL
2019,3,28/03/2019,20:05,Milton,QLD,Broncos,Dragons,24,25,201903BRISGI
2019,3,29/03/2019,18:00,Bruce,ACT,Raiders,Knights,17,10,201903CBRNEW
2019,3,29/03/2019,20:05,Homebush,NSW,Eels,Roosters,18,32,201903PARSYD
2019,3,30/03/2019,15:00,Addington,NZ,Sea Eagles,Warriors,46,12,201903MNLAKL
2019,3,30/03/2019,17:30,Kirwan,QLD,Cowboys,Sharks,16,42,201903NQLCRO
2019,3,30/03/2019,19:35,Bathurst,NSW,Panthers,Storm,2,32,201903PENMEL
2019,3,31/03/2019,16:05,Leumeah,NSW,Wests Tigers,Bulldogs,8,22,201903WSTCNB
2019,3,31/03/2019,18:10,Homebush,NSW,Rabbitohs,Titans,28,20,201903SOUGLD
2019,4,04/04/2019,20:05,Moore Park,NSW,Roosters,Broncos,36,4,201904SYDBRI
2019,4,05/04/2019,18:00,Penrose,NZ,Warriors,Titans,26,10,201904AKLGLD
2019,4,05/04/2019,20:05,Penrith,NSW,Panthers,Wests Tigers,9,8,201904PENWST
2019,4,06/04/2019,15:00,Brookvale,NSW,Sea Eagles,Rabbitohs,13,12,201904MNLSOU
2019,4,06/04/2019,17:30,Kirwan,QLD,Cowboys,Raiders,12,30,201904NQLCBR
2019,4,06/04/2019,19:35,Homebush,NSW,Eels,Sharks,24,12,201904PARCRO
2019,4,07/04/2019,16:05,Melbourne,VIC,Storm,Bulldogs,18,16,201904MELCNB
2019,4,07/04/2019,18:10,Newcastle,NSW,Knights,Dragons,12,13,201904NEWSGI
2019,5,11/04/2019,19:50,Milton,QLD,Broncos,Wests Tigers,16,22,201905BRIWST
2019,5,12/04/2019,18:00,Robina,QLD,Titans,Panthers,30,24,201905GLDPEN
2019,5,12/04/2019,19:55,Kirwan,QLD,Cowboys,Storm,12,18,201905NQLMEL
2019,5,13/04/2019,15:00,Bokarina,QLD,Rabbitohs,Warriors,28,24,201905SOUAKL
2019,5,13/04/2019,17:30,Newcastle,NSW,Knights,Sea Eagles,18,26,201905NEWMNL
2019,5,13/04/2019,19:35,Woolooware,NSW,Sharks,Roosters,16,30,201905CROSYD
2019,5,14/04/2019,16:05,Kogarah,NSW,Dragons,Bulldogs,40,4,201905SGICNB
2019,5,14/04/2019,18:10,Bruce,ACT,Raiders,Eels,19,0,201905CBRPAR
2019,6,18/04/2019,19:50,Woolooware,NSW,Sharks,Panthers,24,20,201906CROPEN
2019,6,19/04/2019,16:05,Homebush,NSW,Bulldogs,Rabbitohs,6,14,201906CNBSOU
2019,6,19/04/2019,19:55,Melbourne,VIC,Storm,Roosters,20,21,201906MELSYD
2019,6,20/04/2019,17:30,Penrose,NZ,Warriors,Cowboys,10,17,201906AKLNQL
2019,6,20/04/2019,19:35,Wollongong,NSW,Dragons,Sea Eagles,12,10,201906SGIMNL
2019,6,21/04/2019,14:00,Robina,QLD,Titans,Knights,38,14,201906GLDNEW
2019,6,21/04/2019,16:05,Bruce,ACT,Raiders,Broncos,26,22,201906CBRBRI
2019,6,22/04/2019,16:00,Parramatta,NSW,Eels,Wests Tigers,51,6,201906PARWST
2019,7,25/04/2019,16:05,Moore Park,NSW,Roosters,Dragons,20,10,201907SYDSGI
2019,7,25/04/2019,19:50,Melbourne,VIC,Storm,Warriors,13,12,201907MELAKL
2019,7,26/04/2019,18:00,Homebush,NSW,Bulldogs,Cowboys,24,12,201907CNBNQL
2019,7,26/04/2019,19:55,Penrith,NSW,Panthers,Rabbitohs,18,22,201907PENSOU
2019,7,27/04/2019,17:30,Tamworth,NSW,Wests Tigers,Titans,30,14,201907WSTGLD
2019,7,27/04/2019,19:35,Milton,QLD,Broncos,Sharks,29,6,201907BRICRO
2019,7,28/04/2019,14:00,Brookvale,NSW,Sea Eagles,Raiders,24,20,201907MNLCBR
2019,7,28/04/2019,16:05,Newcastle,NSW,Knights,Eels,28,14,201907NEWPAR
2019,8,02/05/2019,19:50,Homebush,NSW,Rabbitohs,Broncos,38,6,201908SOUBRI
2019,8,03/05/2019,18:00,Kirwan,QLD,Cowboys,Titans,28,14,201908NQLGLD
2019,8,03/05/2019,19:55,Woolooware,NSW,Sharks,Storm,20,18,201908CROMEL
2019,8,04/05/2019,15:00,Wagga Wagga,NSW,Raiders,Panthers,30,12,201908CBRPEN
2019,8,04/05/2019,17:30,Brookvale,NSW,Sea Eagles,Bulldogs,18,10,201908MNLCNB
2019,8,04/05/2019,19:35,Moore Park,NSW,Roosters,Wests Tigers,42,12,201908SYDWST
2019,8,05/05/2019,14:00,Penrose,NZ,Warriors,Knights,18,36,201908AKLNEW
2019,8,05/05/2019,16:05,Parramatta,NSW,Eels,Dragons,32,18,201908PARSGI
2019,9,09/05/2019,19:50,Milton,QLD,Titans,Sharks,18,26,201909GLDCRO
2019,9,10/05/2019,18:00,Milton,QLD,Wests Tigers,Panthers,30,4,201909WSTPEN
2019,9,10/05/2019,20:05,Milton,QLD,Sea Eagles,Broncos,10,26,201909MNLBRI
2019,9,11/05/2019,15:00,Milton,QLD,Bulldogs,Knights,10,22,201909CNBNEW
2019,9,11/05/2019,17:30,Milton,QLD,Warriors,Dragons,26,18,201909AKLSGI
2019,9,11/05/2019,19:35,Milton,QLD,Storm,Eels,64,10,201909MELPAR
2019,9,12/05/2019,14:00,Milton,QLD,Roosters,Raiders,30,24,201909SYDCBR
2019,9,12/05/2019,16:05,Milton,QLD,Rabbitohs,Cowboys,32,16,201909SOUNQL
2019,10,16/05/2019,19:50,Melbourne,VIC,Storm,Wests Tigers,24,22,201910MELWST
2019,10,17/05/2019,18:00,Penrith,NSW,Panthers,Warriors,10,30,201910PENAKL
2019,10,17/05/2019,19:55,Milton,QLD,Broncos,Roosters,15,10,201910BRISYD
2019,10,18/05/2019,15:00,Robina,QLD,Titans,Bulldogs,16,22,201910GLDCNB
2019,10,18/05/2019,17:30,Kirwan,QLD,Cowboys,Eels,17,10,201910NQLPAR
2019,10,18/05/2019,19:35,Bruce,ACT,Raiders,Rabbitohs,12,16,201910CBRSOU
2019,10,19/05/2019,14:00,Mudgee,NSW,Dragons,Knights,12,45,201910SGINEW
2019,10,19/05/2019,16:05,Woolooware,NSW,Sharks,Sea Eagles,14,24,201910CROMNL
2019,11,23/05/2019,19:50,Parramatta,NSW,Eels,Panthers,10,16,201911PARPEN
2019,11,24/05/2019,18:00,Brookvale,NSW,Sea Eagles,Titans,18,36,201911MNLGLD
2019,11,24/05/2019,19:55,Newcastle,NSW,Knights,Roosters,38,12,201911NEWSYD
2019,11,25/05/2019,15:00,Bruce,ACT,Raiders,Cowboys,16,22,201911CBRNQL
2019,11,25/05/2019,17:30,Penrose,NZ,Warriors,Broncos,2,8,201911AKLBRI
2019,11,25/05/2019,19:35,Homebush,NSW,Rabbitohs,Wests Tigers,32,16,201911SOUWST
2019,11,26/05/2019,14:00,Belmore,NSW,Bulldogs,Storm,6,28,201911CNBMEL
2019,11,26/05/2019,16:05,Wollongong,NSW,Dragons,Sharks,9,22,201911SGICRO
2019,12,30/05/2019,19:50,Penrith,NSW,Panthers,Sea Eagles,15,12,201912PENMNL
2019,12,31/05/2019,19:55,Parramatta,NSW,Eels,Rabbitohs,26,14,201912PARSOU
2019,12,01/06/2019,19:35,Homebush,NSW,Bulldogs,Raiders,10,12,201912CNBCBR
2019,12,02/06/2019,16:05,Robina,QLD,Titans,Cowboys,4,6,201912GLDNQL
2019,13,07/06/2019,18:00,Homebush,NSW,Rabbitohs,Knights,12,20,201913SOUNEW
2019,13,07/06/2019,19:55,Parramatta,NSW,Wests Tigers,Raiders,0,28,201913WSTCBR
2019,13,08/06/2019,15:00,Penrose,NZ,Warriors,Storm,10,32,201913AKLMEL
2019,13,08/06/2019,17:30,Woolooware,NSW,Sharks,Eels,42,22,201913CROPAR
2019,13,08/06/2019,19:35,Kirwan,QLD,Cowboys,Sea Eagles,20,22,201913NQLMNL
2019,13,09/06/2019,14:00,Milton,QLD,Broncos,Titans,18,26,201913BRIGLD
2019,13,09/06/2019,16:05,Penrith,NSW,Panthers,Roosters,19,10,201913PENSYD
2019,13,10/06/2019,16:00,Homebush,NSW,Bulldogs,Dragons,12,36,201913CNBSGI
2019,14,13/06/2019,19:50,Bruce,ACT,Raiders,Sharks,22,20,201914CBRCRO
2019,14,14/06/2019,18:00,Robina,QLD,Titans,Warriors,20,24,201914GLDAKL
2019,14,14/06/2019,19:55,Kirwan,QLD,Cowboys,Wests Tigers,26,27,201914NQLWST
2019,14,15/06/2019,15:00,Melbourne,VIC,Storm,Knights,34,4,201914MELNEW
2019,14,15/06/2019,17:30,Homebush,NSW,Rabbitohs,Panthers,18,19,201914SOUPEN
2019,14,15/06/2019,19:30,Parramatta,NSW,Eels,Broncos,38,10,201914PARBRI
2019,14,16/06/2019,14:00,Brookvale,NSW,Sea Eagles,Dragons,34,14,201914MNLSGI
2019,14,16/06/2019,16:00,Moore Park,NSW,Roosters,Bulldogs,38,12,201914SYDCNB
2019,15,27/06/2019,19:50,Parramatta,NSW,Wests Tigers,Rabbitohs,14,9,201915WSTSOU
2019,15,28/06/2019,18:00,Wollongong,NSW,Dragons,Cowboys,22,14,201915SGINQL
2019,15,28/06/2019,19:55,Adelaide,SA,Roosters,Storm,12,14,201915SYDMEL
2019,15,29/06/2019,15:00,Robina,QLD,Titans,Sea Eagles,12,30,201915GLDMNL
2019,15,29/06/2019,17:30,Newcastle,NSW,Knights,Broncos,26,12,201915NEWBRI
2019,15,29/06/2019,19:35,Marrara,NT,Eels,Raiders,22,16,201915PARCBR
2019,15,30/06/2019,14:00,Penrose,NZ,Warriors,Panthers,18,19,201915AKLPEN
2019,15,30/06/2019,16:05,Homebush,NSW,Bulldogs,Sharks,14,12,201915CNBCRO
2019,16,04/07/2019,19:50,Wollongong,NSW,Dragons,Storm,14,16,201916SGIMEL
2019,16,05/07/2019,19:55,Parramatta,NSW,Wests Tigers,Roosters,16,24,201916WSTSYD
2019,16,06/07/2019,19:35,Newcastle,NSW,Knights,Warriors,20,24,201916NEWAKL
2019,16,07/07/2019,16:05,Woolooware,NSW,Sharks,Broncos,22,24,201916CROBRI
2019,17,12/07/2019,18:00,Penrith,NSW,Panthers,Titans,21,2,201917PENGLD
2019,17,12/07/2019,19:55,Newcastle,NSW,Knights,Bulldogs,14,20,201917NEWCNB
2019,17,13/07/2019,15:00,Homebush,NSW,Rabbitohs,Sea Eagles,21,20,201917SOUMNL
2019,17,13/07/2019,17:30,Milton,QLD,Broncos,Warriors,18,18,201917BRIAKL
2019,17,13/07/2019,19:35,Melbourne,VIC,Storm,Sharks,40,16,201917MELCRO
2019,17,14/07/2019,14:00,Gosford,NSW,Roosters,Cowboys,12,15,201917SYDNQL
2019,17,14/07/2019,16:05,Parramatta,NSW,Wests Tigers,Eels,18,30,201917WSTPAR
2019,17,14/07/2019,18:10,Wollongong,NSW,Dragons,Raiders,14,36,201917SGICBR
2019,18,18/07/2019,19:50,Milton,QLD,Broncos,Bulldogs,28,6,201918BRICNB
2019,18,19/07/2019,18:00,Wellington,NZ,Warriors,Sharks,19,18,201918AKLCRO
2019,18,19/07/2019,19:55,Penrith,NSW,Panthers,Dragons,40,18,201918PENSGI
2019,18,20/07/2019,15:00,Moore Park,NSW,Roosters,Knights,48,10,201918SYDNEW
2019,18,20/07/2019,17:30,Bruce,ACT,Raiders,Wests Tigers,20,12,201918CBRWST
2019,18,20/07/2019,19:35,Kirwan,QLD,Cowboys,Rabbitohs,18,30,201918NQLSOU
2019,18,21/07/2019,14:00,Robina,QLD,Titans,Storm,18,38,201918GLDMEL
2019,18,21/07/2019,16:05,Brookvale,NSW,Sea Eagles,Eels,36,24,201918MNLPAR
2019,19,25/07/2019,19:50,Woolooware,NSW,Sharks,Cowboys,16,14,201919CRONQL
2019,19,26/07/2019,18:00,Newcastle,NSW,Knights,Wests Tigers,26,28,201919NEWWST
2019,19,26/07/2019,19:55,Homebush,NSW,Rabbitohs,Dragons,20,16,201919SOUSGI
2019,19,27/07/2019,15:00,Parramatta,NSW,Eels,Warriors,24,22,201919PARAKL
2019,19,27/07/2019,17:30,Robina,QLD,Titans,Broncos,12,34,201919GLDBRI
2019,19,27/07/2019,19:35,Melbourne,VIC,Storm,Sea Eagles,10,11,201919MELMNL
2019,19,28/07/2019,14:00,Homebush,NSW,Bulldogs,Roosters,12,20,201919CNBSYD
2019,19,28/07/2019,16:05,Penrith,NSW,Panthers,Raiders,18,30,201919PENCBR
2019,20,01/08/2019,19:50,Lilyfield,NSW,Wests Tigers,Cowboys,28,4,201920WSTNQL
2019,20,02/08/2019,18:00,Penrose,NZ,Warriors,Raiders,12,46,201920AKLCBR
2019,20,02/08/2019,19:55,Milton,QLD,Broncos,Storm,4,40,201920BRIMEL
2019,20,03/08/2019,15:00,Brookvale,NSW,Sea Eagles,Knights,30,6,201920MNLNEW
2019,20,03/08/2019,17:30,Parramatta,NSW,Bulldogs,Panthers,16,8,201920CNBPEN
2019,20,03/08/2019,19:35,Woolooware,NSW,Sharks,Rabbitohs,39,24,201920CROSOU
2019,20,04/08/2019,14:00,Moore Park,NSW,Roosters,Titans,58,6,201920SYDGLD
2019,20,04/08/2019,16:05,Kogarah,NSW,Dragons,Eels,4,12,201920SGIPAR
2019,21,08/08/2019,19:50,Kirwan,QLD,Cowboys,Broncos,14,18,201921NQLBRI
2019,21,09/08/2019,18:00,Penrose,NZ,Warriors,Sea Eagles,24,16,201921AKLMNL
2019,21,09/08/2019,19:55,Penrith,NSW,Panthers,Sharks,26,20,201921PENCRO
2019,21,10/08/2019,15:00,Kogarah,NSW,Dragons,Titans,40,28,201921SGIGLD
2019,21,10/08/2019,17:30,Parramatta,NSW,Eels,Knights,20,14,201921PARNEW
2019,21,10/08/2019,19:35,Homebush,NSW,Bulldogs,Wests Tigers,18,16,201921CNBWST
2019,21,11/08/2019,14:00,Bruce,ACT,Raiders,Roosters,18,22,201921CBRSYD
2019,21,11/08/2019,16:05,Gosford,NSW,Rabbitohs,Storm,16,26,201921SOUMEL
2019,22,15/08/2019,19:50,Brookvale,NSW,Sea Eagles,Wests Tigers,32,12,201922MNLWST
2019,22,16/08/2019,18:00,Robina,QLD,Titans,Eels,12,36,201922GLDPAR
2019,22,16/08/2019,19:55,Milton,QLD,Broncos,Panthers,24,12,201922BRIPEN
2019,22,17/08/2019,15:00,Newcastle,NSW,Knights,Cowboys,42,6,201922NEWNQL
2019,22,17/08/2019,17:30,Melbourne,VIC,Storm,Raiders,18,22,201922MELCBR
2019,22,17/08/2019,19:35,Homebush,NSW,Rabbitohs,Bulldogs,6,14,201922SOUCNB
2019,22,18/08/2019,14:00,Moore Park,NSW,Roosters,Warriors,42,6,201922SYDAKL
2019,22,18/08/2019,16:05,Woolooware,NSW,Sharks,Dragons,18,12,201922CROSGI
2019,23,22/08/2019,19:50,Parramatta,NSW,Eels,Bulldogs,6,12,201923PARCNB
2019,23,23/08/2019,18:00,Kirwan,QLD,Cowboys,Panthers,24,10,201923NQLPEN
2019,23,23/08/2019,19:55,Milton,QLD,Broncos,Rabbitohs,20,22,201923BRISOU
2019,23,24/08/2019,15:00,Woolooware,NSW,Sharks,Warriors,42,16,201923CROAKL
2019,23,24/08/2019,17:30,Leumeah,NSW,Wests Tigers,Knights,46,4,201923WSTNEW
2019,23,24/08/2019,19:35,Kogarah,NSW,Dragons,Roosters,12,34,201923SGISYD
2019,23,25/08/2019,14:00,Melbourne,VIC,Storm,Titans,24,8,201923MELGLD
2019,23,25/08/2019,16:05,Bruce,ACT,Raiders,Sea Eagles,14,18,201923CBRMNL
2019,24,29/08/2019,19:50,Kirwan,QLD,Cowboys,Bulldogs,15,8,201924NQLCNB
2019,24,30/08/2019,18:00,Penrose,NZ,Warriors,Rabbitohs,10,31,201924AKLSOU
2019,24,30/08/2019,19:55,Milton,QLD,Broncos,Eels,17,16,201924BRIPAR
2019,24,31/08/2019,15:00,Newcastle,NSW,Knights,Titans,38,4,201924NEWGLD
2019,24,31/08/2019,17:30,Brookvale,NSW,Sea Eagles,Storm,6,36,201924MNLMEL
2019,24,31/08/2019,19:35,Moore Park,NSW,Roosters,Panthers,22,6,201924SYDPEN
2019,24,01/09/2019,14:00,Woolooware,NSW,Sharks,Raiders,14,15,201924CROCBR
2019,24,01/09/2019,16:05,Moore Park,NSW,Dragons,Wests Tigers,14,42,201924SGIWST
2019,25,05/09/2019,19:50,Homebush,NSW,Rabbitohs,Roosters,16,10,201925SOUSYD
2019,25,06/09/2019,18:00,Parramatta,NSW,Eels,Sea Eagles,32,16,201925PARMNL
2019,25,06/09/2019,19:55,Melbourne,VIC,Storm,Cowboys,24,16,201925MELNQL
2019,25,07/09/2019,15:00,Bruce,ACT,Raiders,Warriors,20,24,201925CBRAKL
2019,25,07/09/2019,17:30,Homebush,NSW,Bulldogs,Broncos,30,14,201925CNBBRI
2019,25,07/09/2019,19:35,Robina,QLD,Titans,Dragons,16,24,201925GLDSGI
2019,25,08/09/2019,14:00,Lilyfield,NSW,Wests Tigers,Sharks,8,25,201925WSTCRO
2019,25,08/09/2019,16:05,Penrith,NSW,Panthers,Knights,54,10,201925PENNEW
2019,F1,13/09/2019,19:50,Moore Park,NSW,Roosters,Rabbitohs,30,6,2019F1SYDSOU
2019,F1,14/09/2019,17:40,Melbourne,VIC,Storm,Raiders,10,12,2019F1MELCBR
2019,F1,14/09/2019,19:50,Brookvale,NSW,Sea Eagles,Sharks,28,16,2019F1MNLCRO
2019,F1,15/09/2019,16:05,Parramatta,NSW,Eels,Broncos,58,0,2019F1PARBRI
2019,F2,20/09/2019,19:50,Homebush,NSW,Rabbitohs,Sea Eagles,34,26,2019F2SOUMNL
2019,F2,21/09/2019,19:50,Melbourne,VIC,Storm,Eels,32,0,2019F2MELPAR
2019,F3,27/09/2019,19:50,Bruce,ACT,Raiders,Rabbitohs,16,10,2019F3CBRSOU
2019,F3,28/09/2019,19:50,Moore Park,NSW,Roosters,Storm,14,6,2019F3SYDMEL
2019,GF,06/10/2019,19:30,Homebush,NSW,Roosters,Raiders,14,8,2019GFSYDCBR
2020,1,12/03/2020,20:05,Parramatta,NSW,Eels,Bulldogs,8,2,202001PARCNB
2020,1,13/03/2020,18:00,Bruce,ACT,Raiders,Titans,24,6,202001CBRGLD
2020,1,13/03/2020,20:05,Townsville,QLD,Cowboys,Broncos,21,28,202001NQLBRI
2020,1,14/03/2020,15:00,Newcastle,NSW,Knights,Warriors,20,0,202001NEWAKL
2020,1,14/03/2020,17:30,Homebush,NSW,Rabbitohs,Sharks,22,18,202001SOUCRO
2020,1,14/03/2020,19:35,Penrith,NSW,Panthers,Roosters,20,14,202001PENSYD
2020,1,15/03/2020,16:05,Brookvale,NSW,Sea Eagles,Storm,4,18,202001MNLMEL
2020,1,15/03/2020,18:15,Wollongong,NSW,Dragons,Wests Tigers,14,24,202001SGIWST
2020,2,19/03/2020,20:05,Homebush,NSW,Bulldogs,Cowboys,16,24,202002CNBNQL
2020,2,20/03/2020,18:00,Kogarah,NSW,Dragons,Panthers,28,32,202002SGIPEN
2020,2,20/03/2020,20:05,Milton,QLD,Broncos,Rabbitohs,22,18,202002BRISOU
2020,2,21/03/2020,15:00,Robina,QLD,Warriors,Raiders,6,20,202002AKLCBR
2020,2,21/03/2020,17:30,Lilyfield,NSW,Roosters,Sea Eagles,8,9,202002SYDMNL
2020,2,21/03/2020,19:35,Kogarah,NSW,Sharks,Storm,10,12,202002CROMEL
2020,2,22/03/2020,16:05,Lilyfield,NSW,Wests Tigers,Knights,24,42,202002WSTNEW
2020,2,22/03/2020,18:15,Robina,QLD,Titans,Eels,6,46,202002GLDPAR
2020,3,28/05/2020,19:50,Milton,QLD,Broncos,Eels,6,34,202003BRIPAR
2020,3,29/05/2020,18:00,Townsville,QLD,Cowboys,Titans,36,6,202003NQLGLD
2020,3,29/05/2020,19:55,Parramatta,NSW,Roosters,Rabbitohs,28,12,202003SYDSOU
2020,3,30/05/2020,15:00,Gosford,NSW,Warriors,Dragons,18,0,202003AKLSGI
2020,3,30/05/2020,17:30,Parramatta,NSW,Sharks,Wests Tigers,16,28,202003CROWST
2020,3,30/05/2020,19:35,Melbourne,VIC,Storm,Raiders,6,22,202003MELCBR
2020,3,31/05/2020,16:05,Leumeah,NSW,Panthers,Knights,14,14,202003PENNEW
2020,3,31/05/2020,18:30,Gosford,NSW,Sea Eagles,Bulldogs,32,6,202003MNLCNB
2020,4,04/06/2020,19:50,Milton,QLD,Broncos,Roosters,0,59,202004BRISYD
2020,4,05/06/2020,18:00,Leumeah,NSW,Panthers,Warriors,26,0,202004PENAKL
2020,4,05/06/2020,19:55,Melbourne,VIC,Storm,Rabbitohs,22,8,202004MELSOU
2020,4,06/06/2020,17:30,Parramatta,NSW,Eels,Sea Eagles,19,16,202004PARMNL
2020,4,06/06/2020,19:35,Townsville,QLD,Cowboys,Sharks,16,26,202004NQLCRO
2020,4,07/06/2020,16:05,Leumeah,NSW,Raiders,Knights,18,34,202004CBRNEW
2020,4,07/06/2020,18:30,Milton,QLD,Titans,Wests Tigers,28,23,202004GLDWST
2020,4,08/06/2020,16:05,Parramatta,NSW,Bulldogs,Dragons,22,2,202004CNBSGI
2020,5,11/06/2020,19:50,Gosford,NSW,Sea Eagles,Broncos,20,18,202005MNLBRI
2020,5,12/06/2020,18:00,Gosford,NSW,Warriors,Cowboys,37,26,202005AKLNQL
2020,5,12/06/2020,19:55,Parramatta,NSW,Eels,Panthers,16,10,202005PARPEN
2020,5,13/06/2020,15:00,Parramatta,NSW,Rabbitohs,Titans,32,12,202005SOUGLD
2020,5,13/06/2020,17:30,Gosford,NSW,Knights,Storm,12,26,202005NEWMEL
2020,5,13/06/2020,19:35,Leumeah,NSW,Wests Tigers,Raiders,6,14,202005WSTCBR
2020,5,14/06/2020,16:05,Leumeah,NSW,Dragons,Sharks,30,16,202005SGICRO
2020,5,15/06/2020,19:00,Parramatta,NSW,Bulldogs,Roosters,6,42,202005CNBSYD
2020,6,18/06/2020,19:50,Gosford,NSW,Knights,Broncos,27,6,202006NEWBRI
2020,6,19/06/2020,18:00,Parramatta,NSW,Rabbitohs,Warriors,40,12,202006SOUAKL
2020,6,19/06/2020,19:55,Leumeah,NSW,Panthers,Storm,21,14,202006PENMEL
2020,6,20/06/2020,15:00,Milton,QLD,Titans,Dragons,8,20,202006GLDSGI
2020,6,20/06/2020,17:30,Leumeah,NSW,Wests Tigers,Cowboys,36,20,202006WSTNQL
2020,6,20/06/2020,19:35,Parramatta,NSW,Roosters,Eels,24,10,202006SYDPAR
2020,6,21/06/2020,16:05,Leumeah,NSW,Raiders,Sea Eagles,6,14,202006CBRMNL
2020,6,21/06/2020,18:30,Parramatta,NSW,Sharks,Bulldogs,20,18,202006CROCNB
2020,7,25/06/2020,19:50,Kogarah,NSW,Panthers,Rabbitohs,20,12,202007PENSOU
2020,7,26/06/2020,18:00,Kogarah,NSW,Storm,Warriors,50,6,202007MELAKL
2020,7,26/06/2020,19:55,Parramatta,NSW,Roosters,Dragons,26,12,202007SYDSGI
2020,7,27/06/2020,15:00,Townsville,QLD,Cowboys,Knights,32,20,202007NQLNEW
2020,7,27/06/2020,17:30,Milton,QLD,Broncos,Titans,12,30,202007BRIGLD
2020,7,27/06/2020,19:35,Parramatta,NSW,Eels,Raiders,25,24,202007PARCBR
2020,7,28/06/2020,16:05,Gosford,NSW,Sea Eagles,Sharks,22,40,202007MNLCRO
2020,7,28/06/2020,18:30,Parramatta,NSW,Bulldogs,Wests Tigers,6,34,202007CNBWST
2020,8,02/07/2020,19:50,Milton,QLD,Storm,Roosters,27,25,202008MELSYD
2020,8,03/07/2020,18:00,Bruce,ACT,Raiders,Dragons,22,16,202008CBRSGI
2020,8,03/07/2020,19:55,Parramatta,NSW,Eels,Cowboys,42,4,202008PARNQL
2020,8,04/07/2020,15:00,Robina,QLD,Titans,Sharks,10,40,202008GLDCRO
2020,8,04/07/2020,17:30,Gosford,NSW,Warriors,Broncos,26,16,202008AKLBRI
2020,8,04/07/2020,19:35,Parramatta,NSW,Wests Tigers,Panthers,12,19,202008WSTPEN
2020,8,05/07/2020,16:05,Brookvale,NSW,Sea Eagles,Knights,12,14,202008MNLNEW
2020,8,05/07/2020,18:30,Parramatta,NSW,Bulldogs,Rabbitohs,10,26,202008CNBSOU
2020,9,09/07/2020,19:50,Townsville,QLD,Cowboys,Roosters,16,42,202009NQLSYD
2020,9,10/07/2020,18:00,Robina,QLD,Titans,Warriors,16,12,202009GLDAKL
2020,9,10/07/2020,19:55,Parramatta,NSW,Rabbitohs,Wests Tigers,18,10,202009SOUWST
2020,9,11/07/2020,15:00,Kogarah,NSW,Sharks,Panthers,24,56,202009CROPEN
2020,9,11/07/2020,17:30,Milton,QLD,Broncos,Bulldogs,26,8,202009BRICNB
2020,9,11/07/2020,19:35,Bruce,ACT,Raiders,Storm,14,20,202009CBRMEL
2020,9,12/07/2020,16:05,Newcastle,NSW,Knights,Eels,4,10,202009NEWPAR
2020,9,12/07/2020,18:30,Kogarah,NSW,Dragons,Sea Eagles,34,4,202009SGIMNL
2020,10,16/07/2020,19:50,Moore Park,NSW,Roosters,Raiders,20,24,202010SYDCBR
2020,10,17/07/2020,18:00,Bokarina,QLD,Storm,Titans,42,6,202010MELGLD
2020,10,17/07/2020,19:55,Lilyfield,NSW,Wests Tigers,Broncos,48,0,202010WSTBRI
2020,10,18/07/2020,15:00,Wollongong,NSW,Dragons,Bulldogs,28,22,202010SGICNB
2020,10,18/07/2020,17:30,Parramatta,NSW,Rabbitohs,Knights,18,20,202010SOUNEW
2020,10,18/07/2020,19:35,Brookvale,NSW,Sea Eagles,Eels,22,18,202010MNLPAR
2020,10,19/07/2020,14:00,Gosford,NSW,Warriors,Sharks,10,46,202010AKLCRO
2020,10,19/07/2020,16:05,Penrith,NSW,Panthers,Cowboys,22,10,202010PENNQL
2020,11,23/07/2020,19:50,Parramatta,NSW,Eels,Wests Tigers,26,16,202011PARWST
2020,11,24/07/2020,18:00,Townsville,QLD,Cowboys,Sea Eagles,12,24,202011NQLMNL
2020,11,24/07/2020,19:55,Milton,QLD,Broncos,Storm,8,46,202011BRIMEL
2020,11,25/07/2020,15:00,Gosford,NSW,Warriors,Roosters,10,18,202011AKLSYD
2020,11,25/07/2020,17:30,Kogarah,NSW,Sharks,Dragons,28,24,202011CROSGI
2020,11,25/07/2020,19:35,Bruce,ACT,Raiders,Rabbitohs,18,12,202011CBRSOU
2020,11,26/07/2020,14:00,Newcastle,NSW,Knights,Bulldogs,12,18,202011NEWCNB
2020,11,26/07/2020,16:05,Robina,QLD,Titans,Panthers,14,22,202011GLDPEN
2020,12,30/07/2020,19:50,Kogarah,NSW,Dragons,Rabbitohs,24,32,202012SGISOU
2020,12,31/07/2020,18:00,Moore Park,NSW,Wests Tigers,Warriors,20,26,202012WSTAKL
2020,12,31/07/2020,19:55,Milton,QLD,Broncos,Sharks,26,36,202012BRICRO
2020,12,01/08/2020,15:00,Moore Park,NSW,Roosters,Titans,18,12,202012SYDGLD
2020,12,01/08/2020,17:30,Townsville,QLD,Cowboys,Raiders,12,14,202012NQLCBR
2020,12,01/08/2020,19:35,Brookvale,NSW,Sea Eagles,Panthers,12,42,202012MNLPEN
2020,12,02/08/2020,14:00,Homebush,NSW,Bulldogs,Eels,16,18,202012CNBPAR
2020,12,02/08/2020,16:05,Bokarina,QLD,Storm,Knights,26,16,202012MELNEW
2020,13,06/08/2020,19:50,Wollongong,NSW,Dragons,Roosters,16,24,202013SGISYD
2020,13,07/08/2020,18:00,Brookvale,NSW,Sea Eagles,Warriors,22,26,202013MNLAKL
2020,13,07/08/2020,19:55,Homebush,NSW,Rabbitohs,Broncos,28,10,202013SOUBRI
2020,13,08/08/2020,15:00,Bokarina,QLD,Storm,Bulldogs,41,10,202013MELCNB
2020,13,08/08/2020,17:30,Newcastle,NSW,Knights,Wests Tigers,44,4,202013NEWWST
2020,13,08/08/2020,19:35,Penrith,NSW,Panthers,Raiders,28,12,202013PENCBR
2020,13,09/08/2020,14:00,Robina,QLD,Titans,Cowboys,30,10,202013GLDNQL
2020,13,09/08/2020,16:05,Kogarah,NSW,Sharks,Eels,12,14,202013CROPAR
2020,14,13/08/2020,19:50,Moore Park,NSW,Roosters,Storm,6,24,202014SYDMEL
2020,14,14/08/2020,18:00,Gosford,NSW,Warriors,Panthers,12,18,202014AKLPEN
2020,14,14/08/2020,19:55,Parramatta,NSW,Eels,Dragons,12,14,202014PARSGI
2020,14,15/08/2020,15:00,Kogarah,NSW,Sharks,Titans,30,18,202014CROGLD
2020,14,15/08/2020,17:30,Townsville,QLD,Cowboys,Rabbitohs,30,31,202014NQLSOU
2020,14,15/08/2020,19:35,Bruce,ACT,Raiders,Broncos,36,8,202014CBRBRI
2020,14,16/08/2020,14:00,Newcastle,NSW,Knights,Sea Eagles,26,24,202014NEWMNL
2020,14,16/08/2020,16:05,Parramatta,NSW,Wests Tigers,Bulldogs,29,28,202014WSTCNB
2020,15,20/08/2020,19:50,Parramatta,NSW,Eels,Storm,14,0,202015PARMEL
2020,15,21/08/2020,18:00,Penrith,NSW,Panthers,Sharks,38,12,202015PENCRO
2020,15,21/08/2020,19:55,Milton,QLD,Broncos,Dragons,24,28,202015BRISGI
2020,15,22/08/2020,15:00,Robina,QLD,Titans,Raiders,16,36,202015GLDCBR
2020,15,22/08/2020,17:30,Lilyfield,NSW,Wests Tigers,Roosters,16,38,202015WSTSYD
2020,15,22/08/2020,19:35,Homebush,NSW,Rabbitohs,Sea Eagles,56,16,202015SOUMNL
2020,15,23/08/2020,14:00,Homebush,NSW,Bulldogs,Warriors,14,20,202015CNBAKL
2020,15,23/08/2020,16:05,Newcastle,NSW,Knights,Cowboys,12,0,202015NEWNQL
2020,16,27/08/2020,19:50,Parramatta,NSW,Eels,Rabbitohs,0,38,202016PARSOU
2020,16,28/08/2020,18:00,Kogarah,NSW,Dragons,Titans,10,14,202016SGIGLD
2020,16,28/08/2020,19:55,Moore Park,NSW,Roosters,Broncos,58,12,202016SYDBRI
2020,16,29/08/2020,15:00,Tamworth,NSW,Warriors,Knights,36,6,202016AKLNEW
2020,16,29/08/2020,17:30,Kogarah,NSW,Sharks,Cowboys,28,12,202016CRONQL
2020,16,29/08/2020,19:35,Penrith,NSW,Panthers,Wests Tigers,30,6,202016PENWST
2020,16,30/08/2020,16:05,Bokarina,QLD,Storm,Sea Eagles,30,6,202016MELMNL
2020,16,30/08/2020,18:30,Bruce,ACT,Raiders,Bulldogs,34,20,202016CBRCNB
2020,17,03/09/2020,19:50,Milton,QLD,Broncos,Panthers,12,25,202017BRIPEN
2020,17,04/09/2020,18:00,Newcastle,NSW,Knights,Sharks,38,10,202017NEWCRO
2020,17,04/09/2020,19:55,Homebush,NSW,Rabbitohs,Storm,16,22,202017SOUMEL
2020,17,05/09/2020,15:00,Homebush,NSW,Bulldogs,Titans,14,18,202017CNBGLD
2020,17,05/09/2020,17:30,Brookvale,NSW,Sea Eagles,Wests Tigers,32,34,202017MNLWST
2020,17,05/09/2020,19:35,Bruce,ACT,Raiders,Roosters,6,18,202017CBRSYD
2020,17,06/09/2020,16:05,Gosford,NSW,Warriors,Eels,18,24,202017AKLPAR
2020,17,06/09/2020,18:30,Townsville,QLD,Cowboys,Dragons,23,22,202017NQLSGI
2020,18,10/09/2020,19:50,Parramatta,NSW,Wests Tigers,Rabbitohs,24,26,202018WSTSOU
2020,18,11/09/2020,18:00,Homebush,NSW,Bulldogs,Sea Eagles,20,32,202018CNBMNL
2020,18,11/09/2020,19:55,Penrith,NSW,Panthers,Eels,20,2,202018PENPAR
2020,18,12/09/2020,15:00,Wollongong,NSW,Dragons,Raiders,8,37,202018SGICBR
2020,18,12/09/2020,17:30,Robina,QLD,Titans,Broncos,18,6,202018GLDBRI
2020,18,12/09/2020,19:35,Moore Park,NSW,Roosters,Knights,42,12,202018SYDNEW
2020,18,13/09/2020,16:05,Bokarina,QLD,Storm,Cowboys,36,20,202018MELNQL
2020,18,13/09/2020,18:30,Kogarah,NSW,Sharks,Warriors,22,14,202018CROAKL
2020,19,17/09/2020,19:50,Homebush,NSW,Rabbitohs,Bulldogs,16,26,202019SOUCNB
2020,19,18/09/2020,18:00,Townsville,QLD,Cowboys,Panthers,12,32,202019NQLPEN
2020,19,18/09/2020,19:55,Parramatta,NSW,Eels,Broncos,26,12,202019PARBRI
2020,19,19/09/2020,15:00,Brookvale,NSW,Sea Eagles,Titans,24,42,202019MNLGLD
2020,19,19/09/2020,17:30,Bokarina,QLD,Storm,Wests Tigers,50,22,202019MELWST
2020,19,19/09/2020,19:35,Moore Park,NSW,Roosters,Sharks,34,18,202019SYDCRO
2020,19,20/09/2020,14:00,Bruce,ACT,Raiders,Warriors,26,14,202019CBRAKL
2020,19,20/09/2020,16:05,Newcastle,NSW,Knights,Dragons,42,18,202019NEWSGI
2020,20,24/09/2020,19:50,Milton,QLD,Broncos,Cowboys,16,32,202020BRINQL
2020,20,25/09/2020,18:00,Robina,QLD,Titans,Knights,36,6,202020GLDNEW
2020,20,25/09/2020,19:55,Homebush,NSW,Rabbitohs,Roosters,60,8,202020SOUSYD
2020,20,26/09/2020,15:00,Homebush,NSW,Bulldogs,Panthers,0,42,202020CNBPEN
2020,20,26/09/2020,17:30,Kogarah,NSW,Sharks,Raiders,28,38,202020CROCBR
2020,20,26/09/2020,19:35,Parramatta,NSW,Wests Tigers,Eels,24,28,202020WSTPAR
2020,20,27/09/2020,14:00,Gosford,NSW,Warriors,Sea Eagles,40,28,202020AKLMNL
2020,20,27/09/2020,16:05,Kogarah,NSW,Dragons,Storm,30,22,202020SGIMEL
2020,F1,02/10/2020,19:50,Penrith,NSW,Panthers,Roosters,29,28,2020F1PENSYD
2020,F1,03/10/2020,17:40,Bruce,ACT,Raiders,Sharks,32,20,2020F1CBRCRO
2020,F1,03/10/2020,19:50,Milton,QLD,Storm,Eels,36,24,2020F1MELPAR
2020,F1,04/10/2020,16:05,Homebush,NSW,Rabbitohs,Knights,46,20,2020F1SOUNEW
2020,F2,09/10/2020,19:50,Moore Park,NSW,Roosters,Raiders,18,22,2020F2SYDCBR
2020,F2,10/10/2020,19:50,Parramatta,NSW,Eels,Rabbitohs,24,38,2020F2PARSOU
2020,F3,16/10/2020,19:50,Milton,QLD,Storm,Raiders,30,10,2020F3MELCBR
2020,F3,17/10/2020,19:50,Homebush,NSW,Panthers,Rabbitohs,20,16,2020F3PENSOU
2020,GF,25/10/2020,19:30,Homebush,NSW,Panthers,Storm,20,26,2020GFPENMEL
2021,1,11/03/2021,20:05,Melbourne,VIC,Storm,Rabbitohs,26,18,202101MELSOU
2021,1,12/03/2021,18:00,Newcastle,NSW,Knights,Bulldogs,32,16,202101NEWCNB
2021,1,12/03/2021,20:05,Milton,QLD,Broncos,Eels,16,24,202101BRIPAR
2021,1,13/03/2021,15:00,Gosford,NSW,Warriors,Titans,19,6,202101AKLGLD
2021,1,13/03/2021,17:30,Moore Park,NSW,Roosters,Sea Eagles,46,4,202101SYDMNL
2021,1,13/03/2021,19:35,Penrith,NSW,Panthers,Cowboys,24,0,202101PENNQL
2021,1,14/03/2021,16:05,Bruce,ACT,Raiders,Wests Tigers,30,12,202101CBRWST
2021,1,14/03/2021,18:15,Kogarah,NSW,Dragons,Sharks,18,32,202101SGICRO
2021,2,18/03/2021,20:05,Parramatta,NSW,Eels,Storm,16,12,202102PARMEL
2021,2,19/03/2021,18:00,Gosford,NSW,Warriors,Knights,16,20,202102AKLNEW
2021,2,19/03/2021,20:05,Robina,QLD,Titans,Broncos,28,16,202102GLDBRI
2021,2,20/03/2021,15:00,Parramatta,NSW,Bulldogs,Panthers,0,28,202102CNBPEN
2021,2,20/03/2021,17:30,Brookvale,NSW,Sea Eagles,Rabbitohs,12,26,202102MNLSOU
2021,2,20/03/2021,19:35,Townsville,QLD,Cowboys,Dragons,18,25,202102NQLSGI
2021,2,21/03/2021,16:05,Leumeah,NSW,Wests Tigers,Roosters,6,40,202102WSTSYD
2021,2,21/03/2021,18:15,Kogarah,NSW,Sharks,Raiders,10,12,202102CROCBR
2021,3,25/03/2021,20:05,Penrith,NSW,Panthers,Storm,12,10,202103PENMEL
2021,3,26/03/2021,18:00,Wollongong,NSW,Dragons,Sea Eagles,38,12,202103SGIMNL
2021,3,26/03/2021,20:05,Homebush,NSW,Rabbitohs,Roosters,26,16,202103SOUSYD
2021,3,27/03/2021,15:00,Bruce,ACT,Raiders,Warriors,31,34,202103CBRAKL
2021,3,27/03/2021,17:30,Milton,QLD,Broncos,Bulldogs,24,0,202103BRICNB
2021,3,27/03/2021,19:35,Parramatta,NSW,Eels,Sharks,28,4,202103PARCRO
2021,3,28/03/2021,16:05,Newcastle,NSW,Knights,Wests Tigers,20,24,202103NEWWST
2021,3,28/03/2021,18:15,Townsville,QLD,Cowboys,Titans,8,44,202103NQLGLD
2021,4,01/04/2021,20:05,Brookvale,NSW,Sea Eagles,Panthers,6,46,202104MNLPEN
2021,4,02/04/2021,16:05,Homebush,NSW,Bulldogs,Rabbitohs,0,38,202104CNBSOU
2021,4,02/04/2021,20:05,Melbourne,VIC,Storm,Broncos,40,6,202104MELBRI
2021,4,03/04/2021,17:15,Kogarah,NSW,Sharks,Cowboys,48,10,202104CRONQL
2021,4,03/04/2021,19:45,Kogarah,NSW,Titans,Raiders,4,20,202104GLDCBR
2021,4,04/04/2021,16:05,Newcastle,NSW,Knights,Dragons,13,22,202104NEWSGI
2021,4,04/04/2021,18:15,Moore Park,NSW,Roosters,Warriors,32,12,202104SYDAKL
2021,4,05/04/2021,16:00,Homebush,NSW,Wests Tigers,Eels,22,36,202104WSTPAR
2021,5,08/04/2021,19:50,Homebush,NSW,Rabbitohs,Broncos,35,6,202105SOUBRI
2021,5,09/04/2021,18:00,Gosford,NSW,Warriors,Sea Eagles,12,13,202105AKLMNL
2021,5,09/04/2021,19:55,Penrith,NSW,Panthers,Raiders,30,10,202105PENCBR
2021,5,10/04/2021,15:00,Robina,QLD,Titans,Knights,42,16,202105GLDNEW
2021,5,10/04/2021,17:30,Homebush,NSW,Bulldogs,Storm,18,52,202105CNBMEL
2021,5,10/04/2021,19:35,Moore Park,NSW,Roosters,Sharks,26,18,202105SYDCRO
2021,5,11/04/2021,16:05,Lilyfield,NSW,Wests Tigers,Cowboys,30,34,202105WSTNQL
2021,5,11/04/2021,18:15,Parramatta,NSW,Eels,Dragons,12,26,202105PARSGI
2021,6,15/04/2021,19:50,Milton,QLD,Broncos,Panthers,12,20,202106BRIPEN
2021,6,16/04/2021,18:00,Newcastle,NSW,Knights,Sharks,26,22,202106NEWCRO
2021,6,16/04/2021,19:55,Melbourne,VIC,Storm,Roosters,20,4,202106MELSYD
2021,6,17/04/2021,15:00,Mudgee,NSW,Sea Eagles,Titans,36,0,202106MNLGLD
2021,6,17/04/2021,17:30,Homebush,NSW,Rabbitohs,Wests Tigers,18,14,202106SOUWST
2021,6,17/04/2021,19:35,Bruce,ACT,Raiders,Eels,10,35,202106CBRPAR
2021,6,18/04/2021,14:00,Kogarah,NSW,Dragons,Warriors,14,20,202106SGIAKL
2021,6,18/04/2021,16:05,Townsville,QLD,Cowboys,Bulldogs,30,18,202106NQLCNB
2021,7,22/04/2021,19:50,Penrith,NSW,Panthers,Knights,24,6,202107PENNEW
2021,7,23/04/2021,18:00,Robina,QLD,Titans,Rabbitohs,30,40,202107GLDSOU
2021,7,23/04/2021,19:55,Marrara,NT,Eels,Broncos,46,6,202107PARBRI
2021,7,24/04/2021,17:30,Kogarah,NSW,Sharks,Bulldogs,12,18,202107CROCNB
2021,7,24/04/2021,19:35,Townsville,QLD,Cowboys,Raiders,26,24,202107NQLCBR
2021,7,25/04/2021,13:45,Parramatta,NSW,Wests Tigers,Sea Eagles,6,40,202107WSTMNL
2021,7,25/04/2021,16:05,Moore Park,NSW,Roosters,Dragons,34,10,202107SYDSGI
2021,7,25/04/2021,18:15,Melbourne,VIC,Storm,Warriors,42,20,202107MELAKL
2021,8,29/04/2021,19:50,Bruce,ACT,Raiders,Rabbitohs,20,34,202108CBRSOU
2021,8,30/04/2021,18:00,Melbourne,VIC,Storm,Sharks,40,14,202108MELCRO
2021,8,30/04/2021,19:55,Milton,QLD,Broncos,Titans,36,28,202108BRIGLD
2021,8,01/05/2021,15:00,Bathurst,NSW,Panthers,Sea Eagles,28,16,202108PENMNL
2021,8,01/05/2021,17:30,Homebush,NSW,Bulldogs,Eels,10,32,202108CNBPAR
2021,8,01/05/2021,19:35,Newcastle,NSW,Knights,Roosters,4,38,202108NEWSYD
2021,8,02/05/2021,14:00,Gosford,NSW,Warriors,Cowboys,24,20,202108AKLNQL
2021,8,02/05/2021,16:05,Wollongong,NSW,Dragons,Wests Tigers,8,16,202108SGIWST
2021,9,06/05/2021,19:50,Homebush,NSW,Rabbitohs,Storm,0,50,202109SOUMEL
2021,9,07/05/2021,18:00,Penrith,NSW,Panthers,Sharks,48,0,202109PENCRO
2021,9,07/05/2021,19:55,Parramatta,NSW,Eels,Roosters,31,18,202109PARSYD
2021,9,08/05/2021,15:00,Wagga Wagga,NSW,Raiders,Knights,16,24,202109CBRNEW
2021,9,08/05/2021,17:30,Leumeah,NSW,Wests Tigers,Titans,28,36,202109WSTGLD
2021,9,08/05/2021,19:35,Townsville,QLD,Cowboys,Broncos,19,18,202109NQLBRI
2021,9,09/05/2021,14:00,Brookvale,NSW,Sea Eagles,Warriors,38,32,202109MNLAKL
2021,9,09/05/2021,16:05,Kogarah,NSW,Dragons,Bulldogs,32,12,202109SGICNB
2021,10,14/05/2021,18:00,Milton,QLD,Wests Tigers,Knights,36,18,202110WSTNEW
2021,10,14/05/2021,20:05,Milton,QLD,Sea Eagles,Broncos,50,6,202110MNLBRI
2021,10,15/05/2021,15:00,Milton,QLD,Bulldogs,Raiders,18,20,202110CNBCBR
2021,10,15/05/2021,17:30,Milton,QLD,Sharks,Rabbitohs,22,32,202110CROSOU
2021,10,15/05/2021,19:45,Milton,QLD,Roosters,Cowboys,30,16,202110SYDNQL
2021,10,16/05/2021,13:50,Milton,QLD,Warriors,Eels,18,34,202110AKLPAR
2021,10,16/05/2021,16:05,Milton,QLD,Storm,Dragons,44,18,202110MELSGI
2021,10,16/05/2021,18:25,Milton,QLD,Titans,Panthers,12,48,202110GLDPEN
2021,11,20/05/2021,19:50,Townsville,QLD,Cowboys,Knights,36,20,202111NQLNEW
2021,11,21/05/2021,18:00,Gosford,NSW,Warriors,Wests Tigers,30,26,202111AKLWST
2021,11,21/05/2021,19:55,Kogarah,NSW,Sharks,Dragons,13,12,202111CROSGI
2021,11,22/05/2021,15:00,Robina,QLD,Titans,Bulldogs,30,20,202111GLDCNB
2021,11,22/05/2021,17:30,Moore Park,NSW,Roosters,Broncos,16,34,202111SYDBRI
2021,11,22/05/2021,19:35,Bruce,ACT,Raiders,Storm,10,34,202111CBRMEL
2021,11,23/05/2021,14:00,Dubbo,NSW,Rabbitohs,Panthers,12,56,202111SOUPEN
2021,11,23/05/2021,16:05,Parramatta,NSW,Eels,Sea Eagles,6,28,202111PARMNL
2021,12,27/05/2021,19:50,Milton,QLD,Broncos,Storm,12,40,202112BRIMEL
2021,12,28/05/2021,18:00,Townsville,QLD,Cowboys,Warriors,29,28,202112NQLAKL
2021,12,28/05/2021,19:55,Parramatta,NSW,Wests Tigers,Dragons,34,18,202112WSTSGI
2021,12,29/05/2021,15:00,Penrith,NSW,Panthers,Bulldogs,30,4,202112PENCNB
2021,12,29/05/2021,17:30,Homebush,NSW,Rabbitohs,Eels,38,20,202112SOUPAR
2021,12,29/05/2021,19:35,Gosford,NSW,Roosters,Raiders,44,16,202112SYDCBR
2021,12,30/05/2021,14:00,Coffs Harbour,NSW,Sharks,Titans,38,10,202112CROGLD
2021,12,30/05/2021,16:05,Newcastle,NSW,Knights,Sea Eagles,18,10,202112NEWMNL
2021,13,03/06/2021,19:50,Kogarah,NSW,Dragons,Broncos,52,24,202113SGIBRI
2021,13,04/06/2021,19:55,Lilyfield,NSW,Wests Tigers,Panthers,26,6,202113WSTPEN
2021,13,05/06/2021,19:35,Bokarina,QLD,Storm,Titans,20,14,202113MELGLD
2021,13,06/06/2021,16:05,Newcastle,NSW,Knights,Eels,4,40,202113NEWPAR
2021,14,11/06/2021,18:00,Brookvale,NSW,Sea Eagles,Cowboys,50,18,202114MNLNQL
2021,14,11/06/2021,19:55,Kogarah,NSW,Sharks,Panthers,19,18,202114CROPEN
2021,14,12/06/2021,15:00,Robina,QLD,Titans,Roosters,34,35,202114GLDSYD
2021,14,12/06/2021,17:30,Homebush,NSW,Rabbitohs,Knights,24,10,202114SOUNEW
2021,14,12/06/2021,19:35,Bruce,ACT,Raiders,Broncos,38,16,202114CBRBRI
2021,14,13/06/2021,14:00,Gosford,NSW,Warriors,Storm,16,42,202114AKLMEL
2021,14,13/06/2021,16:05,Parramatta,NSW,Eels,Wests Tigers,40,12,202114PARWST
2021,14,14/06/2021,16:00,Homebush,NSW,Bulldogs,Dragons,28,6,202114CNBSGI
2021,15,17/06/2021,19:50,Milton,QLD,Broncos,Rabbitohs,0,46,202115BRISOU
2021,15,18/06/2021,18:00,Townsville,QLD,Cowboys,Sharks,24,26,202115NQLCRO
2021,15,18/06/2021,19:55,Penrith,NSW,Panthers,Roosters,38,12,202115PENSYD
2021,15,19/06/2021,15:00,Newcastle,NSW,Knights,Warriors,10,6,202115NEWAKL
2021,15,19/06/2021,17:30,Wollongong,NSW,Dragons,Raiders,22,20,202115SGICBR
2021,15,19/06/2021,19:35,Bokarina,QLD,Storm,Wests Tigers,66,16,202115MELWST
2021,15,20/06/2021,14:00,Parramatta,NSW,Eels,Bulldogs,36,10,202115PARCNB
2021,15,20/06/2021,16:05,Robina,QLD,Titans,Sea Eagles,24,56,202115GLDMNL
2021,16,01/07/2021,19:50,Newcastle,NSW,Roosters,Storm,0,46,202116SYDMEL
2021,16,02/07/2021,18:00,Gosford,NSW,Warriors,Dragons,18,19,202116AKLSGI
2021,16,02/07/2021,19:55,Penrith,NSW,Panthers,Eels,13,12,202116PENPAR
2021,16,03/07/2021,15:00,Parramatta,NSW,Bulldogs,Sea Eagles,0,66,202116CNBMNL
2021,16,03/07/2021,17:30,Bruce,ACT,Raiders,Titans,6,44,202116CBRGLD
2021,16,03/07/2021,19:35,Newcastle,NSW,Knights,Cowboys,38,0,202116NEWNQL
2021,16,04/07/2021,14:00,Milton,QLD,Broncos,Sharks,26,18,202116BRICRO
2021,16,04/07/2021,16:05,Lilyfield,NSW,Wests Tigers,Rabbitohs,22,38,202116WSTSOU
2021,17,08/07/2021,19:50,Brookvale,NSW,Sea Eagles,Raiders,16,30,202117MNLCBR
2021,17,09/07/2021,19:55,Newcastle,NSW,Rabbitohs,Cowboys,46,18,202117SOUNQL
2021,17,10/07/2021,19:35,Parramatta,NSW,Bulldogs,Roosters,16,22,202117CNBSYD
2021,17,11/07/2021,16:05,Kogarah,NSW,Sharks,Warriors,20,12,202117CROAKL
2021,18,16/07/2021,18:00,Robina,QLD,Titans,Eels,8,26,202118GLDPAR
2021,18,16/07/2021,20:05,Robina,QLD,Sea Eagles,Dragons,32,18,202118MNLSGI
2021,18,17/07/2021,15:00,Townsville,QLD,Cowboys,Roosters,18,34,202118NQLSYD
2021,18,17/07/2021,17:30,Robina,QLD,Raiders,Sharks,34,18,202118CBRCRO
2021,18,17/07/2021,19:35,Robina,QLD,Storm,Knights,48,4,202118MELNEW
2021,18,18/07/2021,13:50,Milton,QLD,Warriors,Panthers,16,30,202118AKLPEN
2021,18,18/07/2021,16:05,Milton,QLD,Broncos,Wests Tigers,24,42,202118BRIWST
2021,18,18/07/2021,18:15,Robina,QLD,Rabbitohs,Bulldogs,32,24,202118SOUCNB
2021,19,22/07/2021,19:50,Robina,QLD,Eels,Raiders,10,12,202119PARCBR
2021,19,23/07/2021,18:00,Bokarina,QLD,Roosters,Knights,28,8,202119SYDNEW
2021,19,23/07/2021,19:55,Townsville,QLD,Cowboys,Storm,16,20,202119NQLMEL
2021,19,24/07/2021,15:00,Bokarina,QLD,Rabbitohs,Warriors,60,22,202119SOUAKL
2021,19,24/07/2021,17:30,Milton,QLD,Sea Eagles,Wests Tigers,44,24,202119MNLWST
2021,19,24/07/2021,19:35,Milton,QLD,Panthers,Broncos,18,12,202119PENBRI
2021,19,25/07/2021,13:50,Robina,QLD,Dragons,Titans,10,32,202119SGIGLD
2021,19,25/07/2021,16:05,Robina,QLD,Bulldogs,Sharks,24,44,202119CNBCRO
2021,20,29/07/2021,19:50,Mackay,QLD,Roosters,Eels,28,0,202120SYDPAR
2021,20,30/07/2021,18:00,Milton,QLD,Wests Tigers,Warriors,16,18,202120WSTAKL
2021,20,30/07/2021,20:05,Milton,QLD,Broncos,Cowboys,37,18,202120BRINQL
2021,20,01/08/2021,13:50,Milton,QLD,Knights,Raiders,34,24,202120NEWCBR
2021,20,01/08/2021,16:05,Milton,QLD,Storm,Panthers,37,10,202120MELPEN
2021,20,01/08/2021,18:25,Milton,QLD,Dragons,Rabbitohs,14,50,202120SGISOU
2021,20,02/08/2021,18:00,Milton,QLD,Bulldogs,Titans,6,34,202120CNBGLD
2021,20,02/08/2021,20:05,Milton,QLD,Sharks,Sea Eagles,22,40,202120CROMNL
2021,21,05/08/2021,19:50,Milton,QLD,Knights,Broncos,28,20,202121NEWBRI
2021,21,06/08/2021,18:00,Robina,QLD,Raiders,Dragons,20,12,202121CBRSGI
2021,21,06/08/2021,20:05,Robina,QLD,Eels,Rabbitohs,12,40,202121PARSOU
2021,21,07/08/2021,15:00,Robina,QLD,Warriors,Sharks,18,16,202121AKLCRO
2021,21,07/08/2021,17:30,Milton,QLD,Roosters,Panthers,14,20,202121SYDPEN
2021,21,07/08/2021,19:35,Milton,QLD,Sea Eagles,Storm,18,28,202121MNLMEL
2021,21,08/08/2021,13:50,Robina,QLD,Bulldogs,Wests Tigers,16,28,202121CNBWST
2021,21,08/08/2021,16:05,Robina,QLD,Titans,Cowboys,36,14,202121GLDNQL
2021,22,12/08/2021,19:50,Bokarina,QLD,Storm,Raiders,26,16,202122MELCBR
2021,22,13/08/2021,18:00,Milton,QLD,Dragons,Panthers,16,34,202122SGIPEN
2021,22,13/08/2021,20:05,Milton,QLD,Broncos,Roosters,20,21,202122BRISYD
2021,22,14/08/2021,15:00,Robina,QLD,Rabbitohs,Titans,36,6,202122SOUGLD
2021,22,14/08/2021,17:30,Townsville,QLD,Cowboys,Wests Tigers,16,24,202122NQLWST
2021,22,14/08/2021,19:35,Bokarina,QLD,Sea Eagles,Eels,56,10,202122MNLPAR
2021,22,15/08/2021,13:50,Redcliffe,QLD,Warriors,Bulldogs,24,10,202122AKLCNB
2021,22,15/08/2021,16:00,Redcliffe,QLD,Sharks,Knights,14,16,202122CRONEW
2021,23,19/08/2021,19:50,Robina,QLD,Titans,Storm,20,34,202123GLDMEL
2021,23,20/08/2021,18:00,Milton,QLD,Raiders,Sea Eagles,18,19,202123CBRMNL
2021,23,20/08/2021,20:05,Milton,QLD,Panthers,Rabbitohs,25,12,202123PENSOU
2021,23,21/08/2021,15:00,Rockhampton,QLD,Wests Tigers,Sharks,20,50,202123WSTCRO
2021,23,21/08/2021,17:30,Robina,QLD,Bulldogs,Knights,16,22,202123CNBNEW
2021,23,21/08/2021,19:35,Robina,QLD,Eels,Cowboys,32,16,202123PARNQL
2021,23,22/08/2021,14:00,Toowoomba,QLD,Dragons,Roosters,22,40,202123SGISYD
2021,23,22/08/2021,16:05,Milton,QLD,Broncos,Warriors,24,22,202123BRIAKL
2021,24,26/08/2021,19:50,Bokarina,QLD,Knights,Titans,15,14,202124NEWGLD
2021,24,27/08/2021,18:00,Mackay,QLD,Warriors,Raiders,16,28,202124AKLCBR
2021,24,27/08/2021,19:55,Milton,QLD,Roosters,Rabbitohs,12,54,202124SYDSOU
2021,24,28/08/2021,15:00,Rockhampton,QLD,Dragons,Cowboys,26,38,202124SGINQL
2021,24,28/08/2021,17:30,Milton,QLD,Sharks,Broncos,24,16,202124CROBRI
2021,24,28/08/2021,19:35,Milton,QLD,Storm,Eels,10,22,202124MELPAR
2021,24,29/08/2021,13:50,Redcliffe,QLD,Sea Eagles,Bulldogs,36,18,202124MNLCNB
2021,24,29/08/2021,16:05,Redcliffe,QLD,Panthers,Wests Tigers,30,16,202124PENWST
2021,25,02/09/2021,19:50,Mackay,QLD,Raiders,Roosters,16,40,202125CBRSYD
2021,25,03/09/2021,18:00,Robina,QLD,Sharks,Storm,16,28,202125CROMEL
2021,25,03/09/2021,20:05,Robina,QLD,Eels,Panthers,6,40,202125PARPEN
2021,25,04/09/2021,15:00,Milton,QLD,Broncos,Knights,35,22,202125BRINEW
2021,25,04/09/2021,17:30,Townsville,QLD,Cowboys,Sea Eagles,18,46,202125NQLMNL
2021,25,04/09/2021,19:35,Bokarina,QLD,Rabbitohs,Dragons,20,16,202125SOUSGI
2021,25,05/09/2021,14:00,Robina,QLD,Titans,Warriors,44,0,202125GLDAKL
2021,25,05/09/2021,16:05,Redcliffe,QLD,Wests Tigers,Bulldogs,0,38,202125WSTCNB
2021,F1,10/09/2021,19:50,Bokarina,QLD,Storm,Sea Eagles,40,12,2021F1MELMNL
2021,F1,11/09/2021,17:40,Townsville,QLD,Roosters,Titans,25,24,2021F1SYDGLD
2021,F1,11/09/2021,19:50,Townsville,QLD,Panthers,Rabbitohs,10,16,2021F1PENSOU
2021,F1,12/09/2021,16:05,Rockhampton,QLD,Eels,Knights,28,20,2021F1PARNEW
2021,F2,17/09/2021,19:50,Mackay,QLD,Sea Eagles,Roosters,42,6,2021F2MNLSYD
2021,F2,18/09/2021,19:50,Mackay,QLD,Panthers,Eels,8,6,2021F2PENPAR
2021,F3,24/09/2021,20:05,Milton,QLD,Rabbitohs,Sea Eagles,36,16,2021F3SOUMNL
2021,F3,25/09/2021,16:00,Milton,QLD,Storm,Panthers,6,10,2021F3MELPEN
2021,GF,03/10/2021,19:30,Milton,QLD,Panthers,Rabbitohs,14,12,2021GFPENSOU
